devolved_const,devolved_const_name,prem_count,pixel_count,ab_rd_count,mway_count,mway_ard_count,2G_prem_out_0,2G_prem_out_1,2G_prem_out_2,2G_prem_out_3,2G_prem_in_0,2G_prem_in_1,2G_prem_in_2,2G_prem_in_3,2G_geo_out_0,2G_geo_out_1,2G_geo_out_2,2G_geo_out_3,2G_abrd_in_0,2G_abrd_in_1,2G_abrd_in_2,2G_abrd_in_3,2G_mway_in_0,2G_mway_in_1,2G_mway_in_2,2G_mway_in_3,2G_mway_ard_in_0,2G_mway_ard_in_1,2G_mway_ard_in_2,2G_mway_ard_in_3,3G_prem_out_0,3G_prem_out_1,3G_prem_out_2,3G_prem_out_3,3G_prem_out_4,3G_prem_in_0,3G_prem_in_1,3G_prem_in_2,3G_prem_in_3,3G_prem_in_4,3G_geo_out_0,3G_geo_out_1,3G_geo_out_2,3G_geo_out_3,3G_geo_out_4,3G_abrd_in_0,3G_abrd_in_1,3G_abrd_in_2,3G_abrd_in_3,3G_abrd_in_4,3G_mway_in_0,3G_mway_in_1,3G_mway_in_2,3G_mway_in_3,3G_mway_in_4,3G_mway_ard_in_0,3G_mway_ard_in_1,3G_mway_ard_in_2,3G_mway_ard_in_3,3G_mway_ard_in_4,4G_prem_out_0,4G_prem_out_1,4G_prem_out_2,4G_prem_out_3,4G_prem_out_4,4G_prem_in_0,4G_prem_in_1,4G_prem_in_2,4G_prem_in_3,4G_prem_in_4,4G_geo_out_0,4G_geo_out_1,4G_geo_out_2,4G_geo_out_3,4G_geo_out_4,4G_abrd_in_0,4G_abrd_in_1,4G_abrd_in_2,4G_abrd_in_3,4G_abrd_in_4,4G_mway_in_0,4G_mway_in_1,4G_mway_in_2,4G_mway_in_3,4G_mway_in_4,4G_mway_ard_in_0,4G_mway_ard_in_1,4G_mway_ard_in_2,4G_mway_ard_in_3,4G_mway_ard_in_4,Voice_prem_out_0,Voice_prem_out_1,Voice_prem_out_2,Voice_prem_out_3,Voice_prem_out_4,Voice_prem_in_0,Voice_prem_in_1,Voice_prem_in_2,Voice_prem_in_3,Voice_prem_in_4,Voice_geo_out_0,Voice_geo_out_1,Voice_geo_out_2,Voice_geo_out_3,Voice_geo_out_4,Voice_abrd_in_0,Voice_abrd_in_1,Voice_abrd_in_2,Voice_abrd_in_3,Voice_abrd_in_4,Voice_mway_in_0,Voice_mway_in_1,Voice_mway_in_2,Voice_mway_in_3,Voice_mway_in_4,Voice_mway_ard_in_0,Voice_mway_ard_in_1,Voice_mway_ard_in_2,Voice_mway_ard_in_3,Voice_mway_ard_in_4,5G_high_confidence_prem_out_0,5G_high_confidence_prem_out_1,5G_high_confidence_prem_out_2,5G_high_confidence_prem_out_3,5G_high_confidence_prem_out_4,5G_high_confidence_geo_out_0,5G_high_confidence_geo_out_1,5G_high_confidence_geo_out_2,5G_high_confidence_geo_out_3,5G_high_confidence_geo_out_4,5G_very_high_confidence_prem_out_0,5G_very_high_confidence_prem_out_1,5G_very_high_confidence_prem_out_2,5G_very_high_confidence_prem_out_3,5G_very_high_confidence_prem_out_4,5G_very_high_confidence_geo_out_0,5G_very_high_confidence_geo_out_1,5G_very_high_confidence_geo_out_2,5G_very_high_confidence_geo_out_3,5G_very_high_confidence_geo_out_4,5G_SA_high_confidence_prem_out_0,5G_SA_high_confidence_prem_out_1,5G_SA_high_confidence_prem_out_2,5G_SA_high_confidence_prem_out_3,5G_SA_high_confidence_prem_out_4,5G_SA_high_confidence_geo_out_0,5G_SA_high_confidence_geo_out_1,5G_SA_high_confidence_geo_out_2,5G_SA_high_confidence_geo_out_3,5G_SA_high_confidence_geo_out_4,5G_SA_very_high_confidence_prem_out_0,5G_SA_very_high_confidence_prem_out_1,5G_SA_very_high_confidence_prem_out_2,5G_SA_very_high_confidence_prem_out_3,5G_SA_very_high_confidence_prem_out_4,5G_SA_very_high_confidence_geo_out_0,5G_SA_very_high_confidence_geo_out_1,5G_SA_very_high_confidence_geo_out_2,5G_SA_very_high_confidence_geo_out_3,5G_SA_very_high_confidence_geo_out_4
W09000022,Aberavon,33521,17841,991,289,985,0.18,0.52,3.3,96,1.88,4.7,17.91,75.5,4.09,5.44,18.7,71.77,6.16,8.38,20.18,65.29,1.04,2.77,21.8,74.39,5.48,5.48,21.32,67.72,,15.01,84.99,,,0.73,27.91,71.36,,,0.93,28.19,70.88,,,2.72,34.21,63.07,,,,22.84,77.16,,,2.64,32.18,65.18,,,,0.13,0.22,0.96,98.69,0.76,1.11,1.75,6.29,90.09,0.91,2.3,4.09,10.49,82.22,1.41,4.44,4.24,13.32,76.59,,0.35,3.81,9.34,86.51,1.42,4.47,3.35,11.17,79.59,,,0.03,0.62,99.35,0.59,0.27,0.51,3.51,95.13,0.13,1.23,2.35,8.92,87.37,1.01,2.12,3.33,8.38,85.17,,,,8.65,91.35,1.02,2.13,3.15,6.7,87.01,3.09,35.66,48.33,12.91,,19.63,31.46,32.88,16.02,0.01,5.92,74.67,19.38,0.04,,35.64,48.59,14.67,1.09,,7.53,69.03,23.45,,,35.64,38.73,25.63,,,11.21,87.13,1.66,,,49.6,45.35,5.05,,
W09000003,Aberconwy,30686,60382,2422,,1412,1.53,0.78,4.21,93.48,3.54,10.3,25.39,60.77,13.11,9.91,17.31,59.67,12.47,15.28,26.05,46.2,,,,,6.52,12.75,27.97,52.76,0.83,40.39,58.78,,,1.75,66.78,31.47,,,10.07,42.45,47.48,,,11.02,49.92,39.06,,,,,,,,3.61,52.05,44.33,,,0.66,0.71,0.35,4.84,93.44,1.7,1.72,3.36,16.63,76.59,4.92,7.47,7.76,10.72,69.13,5.99,8.71,10.4,21.06,53.84,,,,,,2.12,4.25,12.61,20.96,60.06,0.35,0.75,0.37,0.81,97.71,1.14,1.28,1.7,6.59,89.28,3.08,6.25,7.46,9,74.22,3.76,8.26,8.13,12.39,67.46,,,,,,0.14,3.61,9.99,13.17,73.09,7.77,54.42,11.81,25.84,0.16,55.75,40.48,2.78,0.97,0.02,14.21,61.97,7.63,16.19,,69.54,28.92,1.07,0.46,,60.6,39.4,,,,95.83,4.17,,,,69.29,30.71,,,,98.09,1.91,,,
S16000074,Aberdeen Central,53644,1686,412,,293,,,0.03,99.97,,,7.26,92.74,,,0.18,99.82,,,6.55,93.45,,,,,,,6.83,93.17,,28.71,71.29,,,,76.07,23.93,,,,32.92,67.08,,,,68.2,31.8,,,,,,,,,68.26,31.74,,,,,,,100,,,,,100,,,,,100,,,,,100,,,,,,,,,,100,,,,,100,,,,,100,,,,,100,,,,,100,,,,,,,,,,100,,,,9.28,90.72,,,,5.22,94.78,,0.16,3.53,56.27,40.04,,0.06,2.02,49.58,48.34,,,7.88,92.12,,,,15.12,84.88,,,1.57,44.91,53.53,,,1.19,46.56,52.25,
S16000075,Aberdeen Donside,44060,9182,679,,518,,0,2.8,97.19,0.02,0.39,20.34,79.24,0.01,0.21,9.63,90.15,,2.5,22.39,75.11,,,,,,2.12,21.62,76.25,,52.82,47.18,,,0,77.61,22.38,,,,52.84,47.16,,,,84.68,15.32,,,,,,,,,83.59,16.41,,,,,0,0.01,99.99,0,0.02,0.15,2.07,97.76,,,0.07,2.44,97.5,,,0.15,5.01,94.85,,,,,,,,,3.86,96.14,,,,0.01,99.99,0,,0.03,2.02,97.95,,,,2.29,97.71,,,,3.98,96.02,,,,,,,,,2.9,97.1,0.02,0.06,1.13,14.03,84.76,0.87,3.34,18.18,31.28,46.33,0.05,2.22,11.09,37.31,49.34,4.35,11.45,28.82,35.41,19.98,0.05,3.65,25.37,70.93,,2.64,21.1,30.77,45.5,,0.96,8.8,45.2,45.03,,10.02,29.68,33.4,26.9,
S16000076,Aberdeen South and North Kincardine,41688,18655,1150,,767,0,0.06,3.15,96.79,0.67,2.19,25.54,71.6,0.47,1.92,14.82,82.79,4.7,8.43,25.74,61.13,,,,,4.82,5.08,25.81,64.28,,38,62,,,0.02,68.64,31.34,,,0.01,32.35,67.65,,,,58.17,41.83,,,,,,,,,62.58,37.42,,,,0,0.01,1.62,98.37,0.05,0.55,3.89,10.04,85.47,0.02,0.12,0.74,5.81,93.32,0.43,1.74,5.39,26.78,65.65,,,,,,0.52,1.83,4.17,29.6,63.89,,,0,0.76,99.23,0,0.26,1.8,8.58,89.36,0.01,0.02,0.32,4.11,95.55,,1.04,3.22,16.96,78.78,,,,,,,1.43,3.52,16.17,78.88,0.23,4.12,25.56,22.34,47.75,3.36,16.74,53.84,13.03,13.03,1.86,9.85,37.84,39.4,11.05,16.82,27.83,40.58,10.59,4.18,0.54,28.28,26.93,44.25,,9.93,55.04,21.65,13.38,,4.27,43.21,32.94,19.59,,33.67,49.39,11.53,5.42,
S16000077,Aberdeenshire East,39496,141868,6059,,3013,0.25,0.89,12.95,85.91,5.17,9.84,39.37,45.62,1.4,3.35,22.53,72.72,8.58,11.72,36.92,42.78,,,,,3.32,8.16,39.96,48.56,,53.09,46.91,,,0.46,61.49,38.05,,,0.03,67.94,32.03,,,1.72,81.6,16.69,,,,,,,,0.2,82.48,17.32,,,0.01,0.08,0.38,1.63,97.9,0.7,1.56,7.48,19.43,70.83,0.06,0.27,1.08,4.86,93.74,1.62,3.78,9.04,18.2,67.35,,,,,,0.1,0.8,4.25,17.23,77.63,,0.01,0.22,1.24,98.54,0.11,0.98,4.5,13.63,80.78,0.01,0.07,0.64,4.41,94.87,0.25,2.69,7.43,16.27,73.36,,,,,,,0.17,1.83,13.67,84.33,17.93,26.67,36.46,18.74,0.2,35.92,33.57,25.41,4.68,0.42,23.09,41.96,26.8,8.15,0.01,50.75,35.6,12.64,0.97,0.04,62.59,33.66,2.79,0.96,,80.28,17.37,1.21,1.13,,70.75,28.7,0.5,0.04,,90.42,9.04,0.44,0.1,
S16000078,Aberdeenshire West,37328,353168,8579,,4715,1.58,2.01,18.77,77.64,7.2,10.67,41.53,40.6,19.98,9.07,25.63,45.32,14.83,13.08,41.79,30.31,,,,,8.25,10.86,45.2,35.69,0.14,74.15,25.7,,,2.15,79.88,17.98,,,7.14,72.74,20.12,,,5.3,79.94,14.76,,,,,,,,2.23,80.11,17.67,,,0.2,0.44,0.93,3.93,94.49,1.58,2.79,5.79,16.51,73.33,9.2,5.16,6.61,13.25,65.77,4.04,7.13,12.97,28.31,47.53,,,,,,1.89,4.98,9.9,29.9,53.32,0.06,0.24,0.62,3.08,96.01,0.66,2.07,4.45,13.89,78.94,5.39,5.34,6.27,13.98,69.01,1.99,4.02,11.76,27.25,54.97,,,,,,0.47,2.04,9.08,26.47,61.95,29.22,35.27,26.33,9.19,,66.5,23.13,9.28,1.09,,35.2,41.98,18.92,3.9,,76.08,18.75,5.04,0.14,,61.11,38.79,0.1,,,85.34,14.61,0.05,,,72.52,27.41,0.07,,,91.98,8.02,0,,
S16000079,Airdrie and Shotts,34264,21391,1263,174,656,0.15,0.22,9.35,90.28,1.3,3.93,36.32,58.46,3.41,4.24,25.3,67.06,8.87,8.71,35.39,47.03,,,18.97,81.03,1.52,5.18,32.47,60.82,0,88.15,11.84,,,0.14,95.05,4.81,,,0.09,74.86,25.05,,,2.77,86.54,10.69,,,,72.41,27.59,,,,85.98,14.02,,,,0.05,0.1,0.46,99.39,0.11,1.09,1.83,5.1,91.87,0.05,1.63,2.44,7,88.89,0.95,6.41,4.67,12.83,75.14,,,,14.37,85.63,,,1.83,12.96,85.21,,,0.07,0.45,99.48,0.06,0.17,1.82,2.95,95,,0.1,1.85,6.49,91.56,0.55,3.25,4.67,10.77,80.76,,,,4.02,95.98,,,,8.08,91.92,10.37,29.88,22.98,30.29,6.48,20.15,45.09,22.32,10.31,2.13,28.12,40.74,21.07,9.99,0.08,54.78,32.48,10.32,2.41,0,57.91,31.3,8.64,2.15,,71.45,23.35,3.79,1.42,,81.47,16.36,2.18,,,92.01,7.13,0.86,,
S16000080,Almond Valley,43575,22305,1490,160,1014,0.02,0.03,5.49,94.46,1.04,3.09,36.45,59.42,1.87,5.55,21.01,71.57,4.83,8.86,35.91,50.4,0.63,,38.13,61.25,3.75,6.02,34.22,56.02,,42.26,57.74,,,0.03,80.22,19.75,,,0.03,46.67,53.31,,,0.47,77.99,21.54,,,,80,20,,,0.59,75.15,24.26,,,,,0,0.07,99.93,0.02,0.11,1.23,12.3,86.34,0.33,0.32,2.02,5.53,91.8,0.13,0.81,6.44,15.91,76.71,,0.63,3.13,8.75,87.5,0.1,0.1,4.14,15.88,79.78,,,,0.04,99.96,0,0.01,0.43,10.01,89.55,0.02,0.32,0.73,4.92,94.01,,0.2,2.82,14.5,82.48,,0.63,2.5,8.75,88.13,,0.2,1.38,11.83,86.59,5.19,1.44,9.28,28.84,55.25,15.56,15.6,22.79,25.65,20.39,7.98,9.99,29.62,30.69,21.72,35.45,23.33,22.35,13.82,5.05,5.47,81.56,9.81,3.15,,18.7,62.25,12.79,6.26,,8.59,88.26,2.85,0.31,,38.44,53.44,7.16,0.96,
W09000007,Alyn and Deeside,41097,15477,1477,,976,0.07,0.64,12.09,87.2,2.08,7.17,50.4,40.34,1.85,3.28,9.3,85.58,9.82,9.75,36.97,43.47,,,,,6.35,10.66,38.52,44.47,0,30.05,69.94,,,0.21,66.34,33.44,,,0.03,17.68,82.29,,,1.96,66.08,31.96,,,,,,,,1.54,71.72,26.74,,,0,0.04,0.35,1.03,98.58,0.71,0.51,4.63,22.5,71.65,0.34,0.88,1.8,3.34,93.64,5.82,2.64,7.11,25.25,59.17,,,,,,2.77,2.25,7.68,26.54,60.76,,0.01,0.09,0.53,99.37,0.07,0.35,1.02,12.13,86.42,0.02,0.3,0.82,3.06,95.81,1.49,3.39,5.82,13.68,75.63,,,,,,1.02,2.15,5.02,16.19,75.61,20.09,59.47,19.69,0.75,,17.97,53.59,24.49,3.95,,39.2,54.53,6.27,0.01,,32.17,59.57,7.78,0.48,,99,1,,,,95.2,4.8,,,,100,,,,,99.99,0.01,,,
S16000081,Angus North and Mearns,37752,141194,3876,,2458,0.44,1.15,7.57,90.84,3.6,3.69,32.04,60.67,13.24,6.06,20.67,60.03,7.87,11.07,29.36,51.7,,,,,1.1,5.25,28.93,64.73,0.04,37.03,62.93,,,0.57,59.94,39.49,,,4.76,47.81,47.43,,,0.59,46.72,52.68,,,,,,,,,45.89,54.11,,,0.04,0.08,0.38,1.12,98.38,0.57,1.44,3.01,7.15,87.83,7.91,3.5,5.43,10.09,73.07,0.95,2.09,5.91,16.33,74.72,,,,,,0.12,0.45,3.05,10.82,85.56,0.01,0.03,0.2,1.17,98.59,0.23,0.58,1.94,6.88,90.37,3.11,5.84,6.26,10.2,74.6,0.28,1.39,4,13.65,80.68,,,,,,,0.28,1.55,7,91.17,7.5,32.14,54.39,5.97,,33.26,29.72,33.97,3.06,,12.33,40,45.89,1.78,,46.94,31.08,21.57,0.41,,11.1,88.85,0.04,,,49.52,50.21,0.28,,,33.29,66.69,0.02,,,67.23,32.62,0.15,,
S16000082,Angus South,37874,131172,4041,,1731,0.52,1.05,8.21,90.22,4.15,6.32,35.1,54.43,17.4,11.97,13.51,57.12,16.75,13.86,25.59,43.8,,,,,2.48,6.3,26.63,64.59,0.51,46.26,53.23,,,1.11,79.17,19.72,,,14.23,53.42,32.35,,,9.97,64.29,25.74,,,,,,,,0.46,67.94,31.6,,,0.06,0.22,0.87,0.66,98.19,0.67,1.3,3.49,9.46,85.08,7.81,5.41,10.21,5.99,70.58,2.38,6.95,11.63,14.25,64.79,,,,,,,0.12,2.48,13.98,83.42,0.05,0.13,0.74,0.58,98.49,0.28,0.85,2.17,6.45,90.26,6.21,4.66,8.01,8.47,72.65,1.53,4.9,8.24,13.68,71.64,,,,,,,,0.69,8.03,91.28,5.58,7.67,60.21,12.33,14.21,41.39,20.83,26.68,8.03,3.07,15.02,21.3,56.79,5.76,1.12,51.98,22.39,22.1,2.77,0.78,7.92,58.68,33.4,,,46.85,38.01,15.14,,,36.35,45.18,18.47,,,60.85,29.44,9.71,,
W09000002,Arfon,29826,40913,1902,,1531,0.4,0.82,7.92,90.86,2.95,8.7,22.63,65.71,7.78,9.45,11.71,71.05,15.77,13.72,24.61,45.9,,,,,14.5,13.32,26.78,45.4,0.24,31.75,68.01,,,0.57,55.22,44.22,,,5.73,37.48,56.79,,,12.99,57.31,29.71,,,,,,,,13.32,56.96,29.72,,,0.13,0.71,0.34,2.12,96.71,0.75,1.86,4.7,12.12,80.58,4.56,7.43,4.33,6.98,76.71,10.67,10.09,5.99,12.51,60.73,,,,,,9.99,8.23,6.79,14.5,60.48,0.04,0.29,0.36,0.74,98.58,0.28,0.76,2.34,7.82,88.79,2.24,5.27,4.66,6.34,81.49,7.15,9.1,5.31,13.3,65.14,,,,,,7.25,8.56,4.18,14.83,65.19,8.94,54.4,36.66,,,27.93,51.78,20.29,,,19.07,70.74,10.19,,,42.35,47.7,9.95,,,100,,,,,99.77,0.23,,,,100,,,,,100,,,,
S16000083,Argyll and Bute,43864,651313,15138,,8167,1.88,3.14,11.09,83.89,8.27,11.62,24.13,55.98,20.53,12.47,24.3,42.7,18.73,20.07,30.04,31.15,,,,,10.89,16.57,33.79,38.75,0.7,58.31,40.98,,,4.13,61.18,34.69,,,8.44,80.43,11.14,,,11.26,75.76,12.98,,,,,,,,4.74,76.03,19.24,,,0.34,0.89,1.78,5.16,91.84,2.05,4.24,5.96,14.13,73.61,10.3,6.69,8.09,14.45,60.48,4,11.28,13.17,21.76,49.79,,,,,,1.91,5.87,10.9,21.11,60.22,0.17,0.46,0.94,5.09,93.33,1.07,2.8,4.26,12.18,79.69,5.3,7.32,8.05,15.34,63.99,2.31,7.32,10.68,23.72,55.98,,,,,,0.87,2.52,7.9,20.72,67.99,32.43,37.94,26.88,2.7,0.05,72.22,23.13,4.26,0.36,0.03,37.7,48.45,13.35,0.5,,81.42,16.67,1.87,0.03,,76.2,22.75,1.04,,,96.85,2.9,0.25,,,90.44,9.35,0.21,,,98.57,1.4,0.03,,
S16000084,Ayr,41920,4460,698,,507,,,1.4,98.6,0.03,1,29.54,69.43,,,2.62,97.38,,,25.21,74.79,,,,,,,23.08,76.92,,32.29,67.71,,,,60.63,39.37,,,,27.4,72.6,,,,49.14,50.86,,,,,,,,,43.39,56.61,,,,,,0,100,,,0.04,2.08,97.89,,,,0.04,99.96,,,,2.29,97.71,,,,,,,,,2.96,97.04,,,,0,100,,,,0.64,99.36,,,,0.04,99.96,,,,0.72,99.28,,,,,,,,,0.79,99.21,0,0.49,56.39,42.16,0.96,0.07,0.63,52.42,45,1.88,0.88,31.75,49.9,17.39,0.07,1.08,29.64,56.97,12.29,0.02,7.5,92.5,,,,7.62,92.38,,,,40.83,59.17,,,,42.29,57.71,,,
S16000085,Banffshire and Buchan Coast,40881,91234,4481,,2379,0.17,0.57,8.06,91.2,2.38,4.8,37.75,55.07,1.43,4.07,22.28,72.22,10.27,12.05,32.6,45.08,,,,,3.95,8.66,35.06,52.33,0,63.86,36.13,,,0.32,79.92,19.76,,,0.16,65.45,34.4,,,1.43,80.58,17.99,,,,,,,,0.13,81.55,18.33,,,0.01,0.11,0.15,6.59,93.13,0.39,1.14,3.65,21.19,73.63,0.09,0.67,1.52,5.26,92.46,1.96,4.26,8.03,19.88,65.86,,,,,,0.25,1.47,4.2,19.34,74.74,,0.01,0.2,3.35,96.44,0.13,0.52,2.62,13.34,83.4,0,0.2,1,4.82,93.97,0.47,2.5,6.2,18.03,72.8,,,,,,,0.46,3.07,15.01,81.46,17.25,18.9,50.79,13.06,,41.49,29.06,23.26,6.19,,24.75,29.96,38.78,6.5,,62.82,23.03,12.57,1.57,,23.4,76.6,,,,57.97,42.03,,,,46.97,53.03,,,,78.77,21.23,,,
N06000001,Belfast East,49224,5351,494,7,379,0.01,0.01,0.4,99.58,0.12,0.36,20.82,78.7,0.3,0.65,2.86,96.19,0.2,1.21,20.85,77.73,,,57.14,42.86,,,25.33,74.67,,63.64,36.36,,,0.01,88.77,11.22,,,0.02,70.19,29.79,,,,84.01,15.99,,,,100,,,,,85.75,14.25,,,,,,0.01,99.99,0.01,0.02,0.06,0.27,99.65,,,0.04,0.41,99.55,,0.2,0.4,3.04,96.36,,,,,100,,,,2.9,97.1,,,,0,100,0,0.01,0.05,0.16,99.79,,,,0.19,99.81,,,0.61,1.21,98.18,,,,,100,,,,0.53,99.47,,0,0.97,6.4,92.63,,0.52,6.93,14.15,78.4,0,3.95,17.22,28.07,50.77,0.26,5.85,27.6,35.08,31.21,,2.59,17.33,80.09,,0.02,5.03,26.03,68.92,,0.01,23.2,29.29,47.5,,0.36,23.04,43.62,32.98,
N06000002,Belfast North,54222,4716,675,171,564,,,0.45,99.55,0,1.05,17.16,81.79,,,0.32,99.68,0.15,2.07,19.85,77.93,,,9.94,90.06,0.18,1.95,17.73,80.14,,94.8,5.2,,,0,99.54,0.46,,,,76.87,23.13,,,,97.78,2.22,,,,100,,,,,99.29,0.71,,,,,,0,100,,,0.12,2.65,97.23,,,,0.02,99.98,,,0.59,6.07,93.33,,,,7.02,92.98,,,0.53,7.62,91.84,,,,,100,,,0.08,1.47,98.45,,,,,100,,,,2.37,97.63,,,,2.92,97.08,,,,3.55,96.45,,,0.25,9.35,90.4,,,0.3,8.25,91.45,,1.1,4.45,50.93,43.51,,1.15,9.88,48.83,40.14,0.07,11.3,23.25,65.38,,0.08,17.09,25.59,57.23,,1.01,17.51,37.3,44.18,,2.23,24.15,45.82,27.8,
N06000003,Belfast South,60744,4462,580,25,449,,0.02,2.35,97.63,0.1,0.22,20.55,79.13,0.02,0.72,10.96,88.3,,0.52,26.55,72.93,,,12,88,,0.45,20.49,79.06,,49.75,50.25,,,0.02,78.91,21.07,,,,61.79,38.21,,,,85.86,14.14,,,,100,,,,,88.86,11.14,,,,,0.02,0.01,99.97,,0.05,0.19,1.83,97.93,,,0.11,1.95,97.94,,,0.86,4.66,94.48,,,,,100,,,0.45,2.23,97.33,,,,0.03,99.97,,0.02,0.1,1.75,98.12,,,,1.59,98.41,,,0.69,4.66,94.66,,,,,100,,,0.22,2.23,97.55,0.63,1.94,2.04,14.76,80.63,1.08,3.07,6.75,32.7,56.41,1.88,3.85,8.67,36.57,49.02,3.81,10.87,20.48,37.65,27.19,2.15,2.2,3.79,91.87,,3,4.55,13.78,78.66,,4.56,7.38,40.16,47.9,,9.44,16.81,37.67,36.08,
N06000004,Belfast West,43932,4508,496,50,336,,,0.66,99.34,0.07,1.8,21.57,76.56,,0.07,1.35,98.58,,1.41,20.36,78.23,,,28,72,,2.08,27.68,70.24,,94.9,5.1,,,,99.99,0.01,,,,72.12,27.88,,,0.2,99.6,0.2,,,,100,,,,0.3,99.4,0.3,,,,,,0.47,99.53,,0.17,0.94,17.75,81.14,,,,4.99,95.01,,,2.82,13.31,83.87,,,,,100,,,1.19,13.39,85.42,,,,0.47,99.53,,,0.41,13.17,86.42,,,,4.88,95.12,,,2.62,6.85,90.52,,,,,100,,,0.89,3.87,95.24,,0.07,0.63,37.43,61.86,0.78,3.17,5.77,29.53,60.76,0.01,1.96,8.95,63.88,25.21,3.35,12.02,22.49,46.05,16.08,,0.09,8.72,91.19,,0.78,6.54,22.91,69.76,,0.71,5.33,29.04,64.92,,4.33,16.33,37.49,41.86,
W09000038,Blaenau Gwent,35473,10873,927,,739,,0.02,3.01,96.97,0.33,2.24,24.37,73.05,0.39,2.21,7.34,90.07,1.29,5.61,36.46,56.63,,,,,1.08,5.68,39.11,54.13,,67.21,32.79,,,0.01,84.26,15.73,,,0.08,53.22,46.69,,,,81.88,18.12,,,,,,,,,77.94,22.06,,,,0,0.01,0.58,99.41,0.09,0.25,0.57,9.51,89.58,0.08,0.53,1.6,2.99,94.79,0.22,0.22,1.08,12.3,86.19,,,,,,,0.14,1.08,13.13,85.66,,,0,0.01,99.99,0.01,0.08,0.36,2.17,97.38,,0.11,0.46,2.49,96.94,,0.32,0.32,4.53,94.82,,,,,,,,0.27,5.28,94.45,0.13,51.78,48.09,,,2.58,45.06,52.37,,,1.79,75.67,22.54,,,8.05,73.16,18.79,,,0.15,99.85,,,,4.15,95.84,0.01,,,1.98,98.02,,,,10.72,89.28,,,
W09000041,Brecon and Radnorshire,37631,301394,8224,,4923,2.59,3.32,8.8,85.3,7.04,9.26,22.38,61.32,16.3,11.14,15.71,56.84,15.55,13.97,24,46.47,,,,,10.7,12.88,28.23,48.18,3.6,63.53,32.87,,,7.78,72.55,19.68,,,14.84,52.09,33.07,,,19.19,59.33,21.49,,,,,,,,10.81,68.76,20.43,,,0.81,1.78,2.54,3.03,91.83,3.72,3.51,4.92,10.73,77.12,5.93,8.03,8.47,10.62,66.96,7.21,10.19,9.39,14.49,58.72,,,,,,3.76,9.55,8.45,14.38,63.86,0.53,1.25,1.66,3.32,93.23,2.73,2.85,3.53,9.48,81.42,3.99,6.16,6.56,11.44,71.86,4.62,8.73,8.22,15.21,63.22,,,,,,1.79,7.6,7.96,14.56,68.09,39.34,45.13,15.53,0,,65.59,29.97,4.41,0.03,,43.67,49.92,6.41,,,73.49,24.57,1.94,,,94.96,4.78,0.27,,,96.83,3.03,0.14,,,98.95,1.05,,,,98.26,1.74,,,
W09000023,Bridgend,40018,8550,632,134,622,,0.02,2.98,96.99,1.3,4.81,30.58,63.31,0.57,1.05,6,92.37,2.22,4.59,29.75,63.45,,,10.45,89.55,2.25,3.22,25.24,69.29,,17,83,,,0.23,54.78,44.99,,,0.04,26.65,73.31,,,,63.77,36.23,,,,48.51,51.49,,,,62.06,37.94,,,,,,0.38,99.62,0.01,0.12,2.31,9.69,87.87,0.04,0.09,0.76,2.26,96.85,0.16,0.63,3.64,11.39,84.18,,,,13.43,86.57,0.16,0.64,2.57,10.77,85.85,,,,0,100,0.01,0,0.13,3.06,96.8,,0.04,0.12,1.08,98.77,,0.16,1.11,6.96,91.77,,,,2.24,97.76,,0.16,1.13,5.31,93.41,0.02,25.27,73.99,0.71,,1.38,29.71,63.12,5.79,,3.16,62.75,34.09,,,8.42,66.87,24.71,,,0.02,98.58,1.4,,,1.79,83.09,15.12,,,3.68,96.32,,,,9.08,90.78,0.14,,
W09000035,Caerphilly,40753,11455,632,,380,0,0.04,1.89,98.07,0.27,0.98,21.3,77.46,0.18,1.64,5.81,92.36,1.11,4.75,22.78,71.36,,,,,1.58,6.05,30.53,61.84,,26.5,73.5,,,0.05,49,50.95,,,,33.33,66.67,,,,50.79,49.21,,,,,,,,,59.74,40.26,,,0,0,0.01,0.08,99.9,0.03,0.12,0.23,3.66,95.97,0.05,0.18,0.85,2.51,96.4,0.63,0.32,2.22,8.39,88.45,,,,,,1.05,0.53,2.37,10.79,85.26,,0,0,0.01,99.98,0.01,0.03,0.13,1.41,98.42,,0.04,0.1,0.7,99.16,,0.63,0.63,5.06,93.67,,,,,,,1.05,1.05,7.63,90.26,0.04,13.21,56.69,29.39,0.66,0.45,10.03,53.99,25.7,9.83,1.55,50.06,42.42,5.93,0.03,4.04,47.71,39.84,7.92,0.49,0.08,63.71,35.46,0.76,,1.17,54.06,32.17,12.6,,2.82,86.76,10.23,0.18,,5.35,73.7,18.43,2.52,
S16000086,"Caithness, Sutherland and Ross",41747,1258145,18302,,14163,1.14,2.62,14.4,81.84,9.06,12.63,31.75,46.56,23.8,10.51,22.86,42.83,18.91,17.05,33.64,30.4,,,,,17.91,15.29,33.3,33.5,0.44,57.41,42.15,,,2.4,66.74,30.85,,,11.3,76.73,11.97,,,5.75,79.96,14.29,,,,,,,,6.17,77.21,16.62,,,0.2,0.69,0.89,6,92.22,2.19,3.63,7.57,18.01,68.59,14.2,6.51,6.84,15.32,57.13,4.62,8.44,12.92,25.3,48.73,,,,,,4.47,8.06,11.88,25.82,49.77,0.12,0.35,0.62,4.82,94.08,0.77,2.66,4.94,16.92,74.71,8.56,8.17,7.04,14.5,61.74,1.66,5.84,10.4,25.7,56.4,,,,,,1.53,6.06,9.36,24.63,58.41,45.61,26.14,10.3,17.94,,76.55,20.18,2.47,0.8,,51.13,24.99,13.16,10.72,,83.07,15.06,1.5,0.38,,65.1,34.9,,,,90.91,9.09,,,,70,30,,,,94.54,5.46,,,
W09000031,Cardiff Central,41558,1681,241,,218,,,0.14,99.86,,,12.84,87.16,,,0.77,99.23,,2.07,16.18,81.74,,,,,,2.29,17.89,79.82,,43.63,56.37,,,,81.5,18.5,,,,54.07,45.93,,,,74.69,25.31,,,,,,,,,72.02,27.98,,,,,,,100,,,,0.84,99.16,,,,,100,,,,4.98,95.02,,,,,,,,,5.5,94.5,,,,,100,,,,0.12,99.88,,,,,100,,,,4.15,95.85,,,,,,,,,4.59,95.41,,,,,100,,,,,100,,,0.87,17.46,81.67,,,1.84,21.12,77.04,,,,100,,,,,100,,,,2.98,97.02,,,0.06,5.18,94.77,
W09000042,Cardiff North,41108,4267,433,166,466,0.04,0,0.54,99.42,0.05,0.76,17.2,81.99,0.05,0.49,4.83,94.63,,0.69,21.71,77.6,,0.6,47.59,51.81,,0.86,28.76,70.39,,61.81,38.19,,,0.04,86.55,13.41,,,,64.05,35.95,,,,92.61,7.39,,,,98.8,1.2,,,,92.7,7.3,,,,,0,0.08,99.92,0,0.04,0.32,1.83,97.81,,,0.21,1.27,98.52,,,,3.46,96.54,,,,6.02,93.98,,,,4.51,95.49,,,,0.08,99.92,0,0.04,0.15,1.25,98.56,,,,1.01,98.99,,,,3.23,96.77,,,,5.42,94.58,,,,4.29,95.71,,,0.04,0.1,99.86,,0.16,0.42,3.21,96.2,0.01,0.15,3.22,24.75,71.87,1.01,1.45,5.48,28.33,63.72,,0.04,0.14,99.82,,0.12,0.4,3.4,96.09,,0.11,0.35,10.7,88.84,,1.29,2.81,16.45,79.45,
W09000043,Cardiff South and Penarth,58190,4751,488,,267,,0.14,0.67,99.19,0.4,2.13,14.77,82.7,,1.09,2.72,96.19,0.82,4.71,19.88,74.59,,,,,,,17.6,82.4,,80.08,19.92,,,0.1,95.43,4.47,,,,77.06,22.94,,,0.41,94.67,4.92,,,,,,,,,94.01,5.99,,,,,,0.13,99.87,,,1.27,2.07,96.66,,,0.04,1.35,98.61,,,2.66,5.33,92.01,,,,,,,,,0.37,99.63,,,,0.01,99.99,,,0.1,1.74,98.16,,,,0.11,99.89,,,0.41,2.66,96.93,,,,,,,,,0.37,99.63,,0,0.43,8.4,91.17,0.13,0.17,1.75,14.4,83.56,,0.15,6.74,35.91,57.2,0.17,1.77,12.14,40.56,45.36,,0.04,14.04,85.93,,0.13,0.67,23.83,75.37,,,2,17.96,80.04,,0.17,4.48,24.9,70.45,
W09000029,Cardiff West,45975,5105,441,69,411,,0.07,1.68,98.26,0.59,3.19,18.43,77.8,0.08,1,6.64,92.28,0.23,1.36,22.22,76.19,,1.45,7.25,91.3,0.24,1.22,19.71,78.83,,61.43,38.57,,,0.07,83.81,16.13,,,,50.83,49.17,,,,80.27,19.73,,,,52.17,47.83,,,,76.16,23.84,,,,,,0.7,99.3,0.02,0.04,1.19,4.18,94.57,,,0.06,2.21,97.73,,,0.23,6.12,93.65,,,,7.25,92.75,,,0.24,5.11,94.65,,,,0.1,99.9,,0.04,0.19,2.74,97.02,,,,0.37,99.63,,,,4.31,95.69,,,,1.45,98.55,,,,2.92,97.08,,0.87,2.87,11.39,84.86,0.06,6.84,9.91,24.58,58.61,0.04,5.82,6.34,41.5,46.3,1.88,21.68,19,30.34,27.09,,1.96,3.25,94.79,,0.16,11.75,10.91,77.18,,0.04,8.57,12.33,79.07,,2.21,32.36,19.78,45.64,
W09000015,Carmarthen East and Dinefwr,36653,155607,5145,,3107,1.85,4.01,9.37,84.78,7.32,9.84,29.5,53.34,9.1,10.33,16.69,63.87,11.12,14.56,32.01,42.31,,,,,5.76,11.39,32.54,50.31,1.19,42.52,56.3,,,4.51,64.63,30.86,,,4.87,45.29,49.83,,,7.13,62.49,30.38,,,,,,,,3.54,64.21,32.25,,,0.35,0.99,2.84,5.03,90.79,2.91,5.22,6.73,17.13,68.01,2.45,4.38,6.93,9.33,76.91,3.65,7.76,11.56,20.27,56.75,,,,,,1.9,4.38,9.33,18.15,66.24,0.16,0.53,1.6,3.68,94.03,1.45,3.63,5.7,12.6,76.62,1.07,3.02,4.74,9.82,81.35,1.57,4.53,10.36,17.76,65.77,,,,,,0.58,2.09,7.92,12.68,76.73,14.95,45.49,38.72,0.83,,43.31,40.21,16.38,0.09,,24.21,55.74,20.05,,,55.85,38.37,5.78,,,98.54,1.44,0.02,,,98.37,1.37,0.26,,,99.94,0.06,,,,99.54,0.46,,,
W09000016,Carmarthen West and South Pembrokeshire,42583,101945,4230,,2348,1.89,3.1,8.69,86.32,7.74,8.47,29.52,54.27,6.16,8.21,18.26,67.36,10.9,14.23,26,48.87,,,,,7.33,9.63,26.15,56.9,1.11,42,56.89,,,5.23,60.59,34.18,,,3.43,57.5,39.07,,,7.04,65.08,27.87,,,,,,,,4.56,59.24,36.2,,,0.48,1.45,1.48,2.47,94.12,3.33,3.85,5.45,10.53,76.84,1.57,3.05,4.51,7.56,83.3,3.12,5.84,9.93,14.37,66.74,,,,,,1.24,4.77,7.33,13.03,73.64,0.22,0.51,1.04,3.17,95.06,2.48,2.7,4.2,10.54,80.08,0.79,1.91,3.44,8.23,85.63,1.7,4.04,7.04,15.18,72.03,,,,,,0.43,3.02,4.94,11.2,80.41,15.94,68.57,15.49,,,27.7,58.17,14.13,,,28.58,66.56,4.86,,,41.29,55.09,3.62,,,100,,,,,100,,,,,100,,,,,100,,,,
S16000087,"Carrick, Cumnock and Doon Valley",38874,207713,6934,,3156,0.67,0.65,8.11,90.57,3.68,9.65,26.17,60.5,15.85,10.9,19.64,53.61,12.16,11.6,29.07,47.17,,,,,4.09,7.19,30.8,57.92,0.58,46.16,53.26,,,0.9,66.74,32.36,,,8.66,53.98,37.36,,,6.29,67.61,26.1,,,,,,,,1.24,69.9,28.87,,,0.38,0.15,0.23,0.92,98.32,0.94,1.24,4.72,12.2,80.89,5.46,6.64,8.63,11.32,67.95,4.6,6.01,8.48,14.31,66.6,,,,,,0.89,2.82,6.94,15.18,74.18,0.36,0.11,0.12,0.6,98.81,0.55,0.53,1.86,6.36,90.7,3,4.83,6.33,13.78,72.06,2.61,4.57,6.58,12.88,73.36,,,,,,0.16,0.89,4.97,12.83,81.15,15.89,24.92,43.57,10.85,4.77,58.32,22.42,12.46,5.43,1.37,25.1,40.65,27.07,5.76,1.41,69.93,21.34,6.34,2.11,0.28,72.53,27.47,,,,85.39,14.5,0.11,,,84.09,15.91,,,,94.19,5.8,0.01,,
W09000012,Ceredigion,39353,178872,7382,,3400,3.06,4.64,11.61,80.69,12.17,12.38,22.01,53.44,16.33,11.73,16.38,55.55,18.87,18.13,22.92,40.08,,,,,16.47,15.65,22.32,45.56,2.32,45.61,52.07,,,8.17,54.68,37.15,,,13.53,52.04,34.43,,,14.4,61.72,23.88,,,,,,,,12.62,63.79,23.59,,,0.63,1.66,2.78,5.04,89.89,4.91,5.93,9.62,14.12,65.41,4.21,7.53,9.16,9.55,69.55,7.98,9.08,13.37,16.65,52.93,,,,,,5.41,7.21,13.56,13.32,60.5,0.3,0.9,1.96,4.07,92.77,2.87,4.55,7.24,14.2,71.14,2.55,6.44,6.85,10.24,73.91,4,8.39,10.74,16.65,60.23,,,,,,2.38,6.24,10.56,14.85,65.97,25.59,52.41,22,,,53.59,32.88,13.53,,,33.1,56.23,10.67,,,64.11,30.71,5.18,,,100,,,,,100,,,,,100,,,,,100,,,,
S16000088,Clackmannanshire and Dunblane,33980,25068,1367,9,854,0,0.02,11.08,88.9,1.09,3.36,41.75,53.8,3.97,3.14,15.38,77.51,0.29,3.95,35.84,59.91,,,11.11,88.89,0.12,3.04,31.62,65.22,,39.9,60.1,,,0.01,75.27,24.72,,,0.59,37.25,62.17,,,,73.3,26.7,,,,,100,,,,67.33,32.67,,,,,0.01,0.06,99.94,0.01,0.01,0.36,4.83,94.78,2.33,1.29,1.77,3.73,90.88,,,1.68,7.1,91.22,,,,,100,,,2.11,6.67,91.22,,,,0.06,99.94,0.01,0.01,0.06,2.72,97.19,0.55,1.9,1.63,3.57,92.36,,,1.02,6.07,92.9,,,,,100,,,1.05,5.97,92.97,0.1,10.87,35.36,40.01,13.66,5.96,20.72,33.37,26.17,13.79,0.43,26.76,47.09,24.2,1.52,15.45,36.11,36.2,10.59,1.65,17.55,82.45,,,,24.5,75.49,0.01,,,42.77,57.23,,,,47.58,52.42,,,
W09000009,Clwyd South,35382,62270,3173,,1673,0.56,2.39,12.91,84.14,4.25,9.36,38.92,47.46,6.03,7.52,17.58,68.87,9.42,18.12,37.03,35.42,,,,,6.87,14.05,40.17,38.91,0.92,17.61,81.47,,,1.66,46.36,51.98,,,6.67,34.4,58.92,,,6.37,55.81,37.82,,,,,,,,1.26,61.09,37.66,,,0.08,0.25,1.9,2.28,95.49,1.31,3.63,8.29,30.37,56.39,2.16,2,4.36,6.43,85.06,3.81,5.14,12.61,23.98,54.46,,,,,,2.63,3.89,10.76,21.82,60.91,0.01,0.13,1.53,2.01,96.32,0.41,1.29,7.52,15.77,75.02,1.29,1.59,3,5.65,88.48,1.89,2.84,10.15,20.86,64.26,,,,,,0.66,2.21,6.81,21.46,68.86,12.35,48.82,38.84,,,49.04,30.13,20.82,0.01,,22.48,67.15,10.37,,,62.01,32.32,5.67,,,99.52,0.48,,,,99.97,0.03,,,,100,,,,,100,,,,
W09000004,Clwyd West,37627,92506,4335,,2432,0.89,1.63,9.61,87.87,4.77,10.74,35.63,48.85,10.09,8.05,17.02,64.83,16.54,11.49,27.84,44.13,,,,,8.06,9.5,31.13,51.32,0.43,41.15,58.42,,,2.17,72.72,25.11,,,4.28,39.5,56.23,,,9.25,65.24,25.51,,,,,,,,5.39,69.08,25.53,,,0.3,0.48,0.83,3.46,94.94,1.35,2.51,6.52,16.22,73.4,2.43,4.06,6.12,13.16,74.22,6.23,6.3,10.87,20.35,56.26,,,,,,2.1,3.54,8.88,17.8,67.68,0.09,0.2,0.44,2.47,96.8,0.85,0.98,4.52,14.5,79.16,0.97,2.12,4.62,9.8,82.48,2.98,5.26,9,16.79,65.97,,,,,,0.99,1.89,7.61,11.84,77.67,19.36,46.49,34.15,,,56.94,32.63,10.42,0.01,,26.32,61.2,12.48,,,68.76,27.17,4.07,,,99.99,0.01,,,,99.94,0.06,,,,100,,,,,100,,,,
S16000089,Clydebank and Milngavie,35679,7045,561,,470,,,0.1,99.9,0.34,0.46,16.09,83.11,6.13,5.41,7.58,80.88,1.78,3.21,14.62,80.39,,,,,2.13,3.83,14.47,79.57,,48.53,51.47,,,0.01,68.54,31.44,,,0.45,41.86,57.69,,,2.32,62.21,35.47,,,,,,,,2.77,62.55,34.68,,,,,,0.01,99.99,,0.01,0.24,7.47,92.28,2.74,3.8,3.19,4.5,85.76,,0.53,1.43,8.2,89.84,,,,,,,0.64,1.7,9.36,88.3,,,,,100,,,0.14,4.17,95.69,0.35,3.21,4.29,3.78,88.37,,0.36,1.43,2.32,95.9,,,,,,,0.43,1.7,2.34,95.53,,0.15,2.17,21.7,75.98,11.11,7.84,8.45,22.36,50.25,1.14,5.15,25.18,49.7,18.83,19.76,15.6,18.18,30.35,16.11,0.02,3.5,14.32,82.17,,15.95,9.51,14.18,60.35,,4.41,21.33,21.43,52.83,,29.44,20.13,15.1,35.33,
S16000090,Clydesdale,39743,157346,5007,634,3497,0.52,1.11,8.44,89.93,3.37,6.47,30.7,59.45,8.67,7.71,19.68,63.93,6.45,7.27,28.98,57.3,,,17.19,82.81,0.92,5.09,26.91,67.09,0.07,46.23,53.7,,,0.54,65.95,33.51,,,2.53,53.82,43.65,,,3.2,67.27,29.54,,,,77.92,22.08,,,,65.91,34.09,,,0.07,0.12,0.18,1.53,98.09,1.14,1.15,4.02,12.73,80.95,3.25,3.38,4.2,9.04,80.13,1.4,3.95,4.41,17.2,73.04,,,0.32,11.2,88.49,0.03,0.43,3.66,16.84,79.04,0.03,0.08,0.1,0.52,99.27,0.36,0.98,3.33,7.06,88.27,1.38,2.77,3.6,8.91,83.34,0.68,2.74,3.87,12.5,80.21,,,0.32,7.73,91.96,,0.09,1.6,11.41,86.9,7.94,21.11,49.9,19.37,1.69,46.04,22.58,18.52,11.03,1.83,14.16,45.28,32.08,8.4,0.08,58.55,25.65,12.45,3.22,0.13,60.28,28.06,11.58,0.08,,67.29,21.01,11.7,0,,77.34,18.91,3.75,,,82.07,14.41,3.52,,
S16000149,Coatbridge and Chryston,35832,6324,586,202,514,,,2.17,97.83,0.13,1.21,23.23,75.43,,0.02,3.54,96.44,,3.58,27.65,68.77,0.99,3.47,25.25,70.3,0.39,1.95,27.43,70.23,,76.83,23.17,,,,89.53,10.47,,,,81.72,18.28,,,,99.49,0.51,,,,98.02,1.98,,,,99.03,0.97,,,,,,0.11,99.89,,0.08,0.81,6.78,92.33,,,,0.52,99.48,,,2.39,7,90.61,,,0.5,17.33,82.18,,,0.19,9.92,89.88,,,,0.11,99.89,,,0.11,3.73,96.16,,,,0.49,99.51,,,,6.66,93.34,,,,5.45,94.55,,,,4.67,95.33,0.6,4.87,15.51,44.64,34.39,2.02,9.55,23.51,35.85,29.06,6.03,27.46,43.19,22.58,0.74,9.09,31.06,39.03,19.05,1.77,8.37,39.82,28.49,23.32,,23.85,29.95,20.29,25.92,,42.32,41.43,9.21,7.04,,53.12,29.25,7.75,9.88,
S16000092,Cowdenbeath,36460,13003,1257,125,579,,,3.17,96.83,0.72,2.76,31.63,64.89,,0.13,6.26,93.61,0.72,3.5,27.37,68.42,0.8,,25.6,73.6,0.69,1.9,27.12,70.29,,39.97,60.03,,,,61.81,38.19,,,,33.38,66.62,,,,63.01,36.99,,,,56,44,,,,69.26,30.74,,,,,,0.01,99.99,,0.05,1.15,7.41,91.39,,,0.01,0.77,99.22,,0.24,2.07,9.71,87.99,,,,4.8,95.2,,,2.07,6.22,91.71,,,,0.01,99.99,,,0.33,3.83,95.84,,,,0.68,99.32,,,1.03,6.21,92.76,,,,,100,,,1.21,3.63,95.16,4.94,2.54,20.36,62.63,9.52,2.46,6.49,25.66,51.53,13.85,9.2,17.55,36.7,36.31,0.26,7.24,21.35,42.07,28.39,0.95,8.79,63.82,17.87,9.52,,11.67,61.05,16.07,11.21,,20.75,64.23,14.25,0.77,,31.76,52.32,14.2,1.72,
S16000093,Cumbernauld and Kilsyth,31605,10504,432,150,342,0.05,0.03,3.54,96.38,0.34,2.25,29.27,68.13,9.28,8.97,13.15,68.6,3.01,3.7,35.42,57.87,,,48.67,51.33,0.58,2.63,40.06,56.73,0.04,71.35,28.62,,,0.06,92.93,7.01,,,1.66,58.7,39.64,,,2.08,84.72,13.19,,,,83.33,16.67,,,,89.18,10.82,,,,0.04,0.02,0.15,99.79,0.02,0.08,0.39,6.08,93.44,0.29,1.49,4.63,7.75,85.84,,2.55,1.85,19.44,76.16,,,1.33,29.33,69.33,,0.29,1.17,23.98,74.56,,0.04,0,0.04,99.92,0.01,0.06,0.21,3,96.72,0.05,0.62,2.45,7.84,89.05,,2.08,0.46,9.95,87.5,,,,26.67,73.33,,,0.29,14.04,85.67,7.2,51.8,38.11,2.88,0.01,17.32,41.76,22.64,9.52,8.77,28.48,59.29,12.23,,,38.14,44.96,16.37,0.53,,94.62,4.91,0.46,0.01,,72.35,14.11,7.76,5.78,,99.58,0.42,0,,,85.75,10.16,3.72,0.37,
S16000094,Cunninghame North,39558,76061,2521,,1274,0.14,4.28,3.01,92.58,1.34,7.28,23.61,67.77,15.46,15.06,15.71,53.78,10,16.1,18.8,55.1,,,,,9.58,21.9,13.89,54.63,1.38,57.68,40.95,,,4.15,65.33,30.51,,,9.97,63.76,26.26,,,13.09,62.08,24.83,,,,,,,,19,58.95,22.06,,,0.04,0.03,2.82,1.88,95.24,0.12,0.5,5.89,6.63,86.87,6.79,4.97,9.58,12.52,66.14,6.07,2.9,13.53,9.24,68.27,,,,,,5.57,2.75,17.27,6.51,67.9,0.03,0.01,1.23,1.98,96.75,0.09,0.42,4.33,4.75,90.4,5.07,3.68,7.11,11.13,73.01,5.43,1.39,10.35,8.77,74.06,,,,,,5.18,1.26,14.68,5.89,73,9.41,11.65,60.02,17.12,1.8,56.61,19.66,15.38,7.75,0.59,12.21,35.3,49.38,3.11,,64.03,23.83,10.85,1.28,0,65.45,31.69,2.86,,,83.43,14.03,2.54,,,76.55,23.36,0.1,,,93.32,6.55,0.12,,
S16000095,Cunninghame South,34541,12412,1197,,621,0.01,0.03,5.12,94.84,0.69,2.57,41.43,55.32,0.32,0.88,10.08,88.72,4.76,9.02,40.02,46.2,,,,,2.09,4.83,41.71,51.37,,35,65,,,0.02,62.61,37.37,,,,27.79,72.21,,,,64.66,35.34,,,,,,,,,59.42,40.58,,,,0,,0.06,99.94,0.02,0.15,1.4,7.38,91.05,0.02,0.07,0.13,1.17,98.61,0.33,0.58,3.76,18.38,76.94,,,,,,,,2.58,17.23,80.19,,,0,,100,0.01,0.02,0.77,4.52,94.69,,0.02,0.1,0.2,99.69,,0.42,0.84,8.86,89.89,,,,,,,,0.16,6.12,93.72,0.61,11.95,33.07,40.77,13.6,2.63,20.43,28.68,31.46,16.8,10.32,31.87,39.48,15.76,2.56,16.28,39.53,28.68,13.36,2.14,38.09,61.91,,,,48.68,51.32,,,,66.13,33.87,,,,82.2,17.8,,,
W09000026,Cynon Valley,36077,18239,1116,,788,,0.03,7.86,92.11,0.47,2.69,21.09,75.75,3.96,7.45,19.36,69.24,7.97,8.69,28.58,54.75,,,,,10.66,9.39,25.25,54.7,0.01,7.2,92.79,,,0.42,23.39,76.18,,,3.06,41.81,55.13,,,7.89,42.56,49.55,,,,,,,,11.17,48.6,40.23,,,0,0.03,0.87,6.38,92.71,0.22,0.48,4.68,27.06,67.56,1.51,3.2,7.23,8.81,79.25,3.76,5.11,8.78,18.91,63.44,,,,,,4.57,5.96,8.63,15.61,65.23,,,0.55,0.77,98.69,0.02,0.09,2.81,8.55,88.54,0.47,1.66,5.74,8.36,83.78,2.06,4.03,7.17,12.63,74.1,,,,,,2.92,5.46,7.87,11.42,72.34,6.97,41.03,51.99,,,23.68,35.54,40.75,0.03,,14.08,54.79,31.13,,,41.96,41.71,16.33,,,9.71,90.29,,,,41.95,57.9,0.15,,,18.49,81.51,,,,56.44,43.56,,,
W09000006,Delyn,34731,28088,1829,,1463,0.16,0.47,12.24,87.13,3.06,12.25,36.95,47.74,0.5,2.5,14.14,82.86,1.59,10.39,37.83,50.19,,,,,1.16,10.53,39.03,49.28,,37.58,62.42,,,0.12,56.7,43.18,,,0.01,44.35,55.64,,,,69.6,30.4,,,,,,,,,68.63,31.37,,,0.01,0.19,0.06,3.5,96.25,0.39,1.52,13.16,21.92,63.01,0.04,0.32,0.78,4.72,94.14,,1.2,7.87,26.74,64.19,,,,,,,0.41,8.34,28.64,62.61,,,0.17,0.98,98.85,0.05,0.44,6.23,16.45,76.82,,0.04,0.37,3.02,96.58,,,3.17,20.01,76.82,,,,,,,,2.73,20.37,76.9,40.86,36.44,20.72,1.94,0.04,40.95,31.19,21.11,6.67,0.07,47.97,46.24,5.78,0.02,,47.29,40.17,12.33,0.21,,91.31,8.57,0.12,,,84.98,14.12,0.9,,,98.69,1.31,,,,97.57,2.42,0.01,,
S16000096,Dumbarton,38737,58089,2202,,1852,0.07,0.46,1.83,97.63,1.01,3.65,14.54,80.79,13.94,8.39,18.7,58.96,6.86,7.49,36.78,48.86,,,,,7.51,7.94,38.07,46.49,0.06,3.14,96.8,,,0.4,18.06,81.54,,,10.57,44.75,44.69,,,9.45,43.19,47.37,,,,,,,,10.75,45.95,43.3,,,0.05,0.12,0.32,0.91,98.6,0.34,0.44,1.34,11.63,86.25,9.08,6.08,4.41,11.25,69.17,2.13,2.54,5.54,27.16,62.62,,,,,,2.38,3.02,5.72,28.51,60.37,0.01,0.02,0.18,0.49,99.29,0.2,0.19,0.5,2.49,96.62,6.06,5.74,4.56,11.03,72.61,1,1.82,4.18,19.07,73.93,,,,,,1.03,2.16,4.43,20.36,72.03,3.04,20.79,23.21,42.04,10.92,41.3,14.11,23.52,16.33,4.74,6.17,38.54,20.78,31.71,2.8,50.68,23.29,16.74,8.54,0.75,21.54,74.31,3.21,0.93,,67.66,25.13,6.64,0.58,,51.47,47.54,0.48,0.51,,84.06,14.66,1.1,0.18,
S16000097,Dumfriesshire,41989,279341,8036,824,3851,0.86,1.2,19.34,78.61,5.87,11.1,36.96,46.07,14.44,10.02,22.2,53.34,18.58,15.53,28.6,37.29,,1.33,23.42,75.24,7.82,13.19,31.65,47.34,0.34,67.82,31.84,,,1.4,84.43,14.18,,,4.67,69.5,25.82,,,11.06,72.1,16.84,,,,62.01,37.99,,,3.12,74.37,22.51,,,0.18,0.23,0.59,1.68,97.32,1.23,2.99,5.69,16.98,73.11,5.16,5.4,6.25,9.83,73.36,4.24,9.97,8.92,17.19,59.68,,,0.24,4.61,95.15,0.83,5.82,6.93,18.75,67.67,0.05,0.23,0.31,1.47,97.94,0.5,1.28,5.8,14.96,77.46,2.15,4.58,5.71,10.67,76.89,2.96,6.82,6.99,17.51,65.72,,,,3.88,96.12,0.47,2.57,4.78,17.06,75.12,9.91,33.86,39.79,15.42,1.02,55.43,22.8,15.03,5.44,1.29,22.17,46.37,23.11,8.28,0.08,69.53,21.96,6.72,1.68,0.11,35.43,60.05,4.52,0,,71.69,24.52,3.78,0.01,,57.85,41.01,1.14,,,89.56,9.63,0.82,,
S16000098,Dundee City East,38705,2666,406,,265,,,0.73,99.27,0.28,1.55,31.79,66.38,,,0.98,99.02,0.99,3.2,35.71,60.1,,,,,1.51,3.77,33.58,61.13,,27.52,72.48,,,,67.4,32.6,,,,34.21,65.79,,,,60.84,39.16,,,,,,,,,53.21,46.79,,,,,,,100,,,0.04,0.46,99.5,,,,,100,,,,2.46,97.54,,,,,,,,,2.64,97.36,,,,,100,,,,0.16,99.84,,,,,100,,,,0.49,99.51,,,,,,,,,0.75,99.25,,,,25.36,74.64,,,,25.73,74.27,,0.05,5.32,60.07,34.55,0.04,0.49,6.86,58.51,34.1,,,100,,,,,100,,,,0.95,99.05,,,0.04,1.95,98.01,,
S16000099,Dundee City West,42496,3356,293,,277,,,0.11,99.89,,0.41,10.89,88.7,,0.03,5.1,94.87,,1.37,17.75,80.89,,,,,,1.44,16.61,81.95,,31.24,68.76,,,,66.74,33.26,,,,33.4,66.6,,,,68.94,31.06,,,,,,,,,67.15,32.85,,,,,,,100,,,,0.55,99.45,,,,0.48,99.52,,,,5.8,94.2,,,,,,,,,5.78,94.22,,,,,100,,,,0.4,99.6,,,,0.48,99.52,,,,4.78,95.22,,,,,,,,,5.05,94.95,,,3.46,21.51,75.04,,,7.27,24.91,67.82,,0.98,8.78,53.06,37.18,,3.28,24.85,41.63,30.24,,0.08,99.92,,,0.27,1.16,98.57,,,0.25,2.83,96.92,,,1.55,8.19,90.26,,
S16000100,Dunfermline,39698,20675,1323,145,945,0.04,0.66,6.3,93,1.6,6.28,32.17,59.95,0.17,1.96,18.85,79.02,5.22,13,30.69,51.1,0.69,1.38,14.48,83.45,2.22,6.88,27.09,63.81,,86.89,13.11,,,0.3,92,7.7,,,0,52.99,47,,,0.15,76.95,22.9,,,,72.41,27.59,,,,74.29,25.71,,,,0.01,0.07,0.28,99.64,0.38,0.26,1.94,6.96,90.46,,0.05,0.52,3.4,96.03,0.76,1.28,6.42,15.72,75.81,,,0.69,2.76,96.55,0.11,0.11,3.39,11.01,85.4,,0.01,0.02,0.2,99.78,0.05,0.38,1.16,6.16,92.26,,0.02,0.16,2.91,96.91,,1.28,4.23,14.06,80.42,,,,2.76,97.24,,0.11,1.8,9.31,88.78,0.03,3.7,27.37,61.29,7.61,1.63,13.6,41.24,32.75,10.78,1.42,12.97,54.83,30.59,0.19,10.28,25.39,49.39,14.57,0.36,0.51,93.16,5.25,1.07,,6.8,82.43,9.13,1.64,,5.92,91.15,2.92,,,24.39,70.84,4.77,,
W09000010,Dwyfor Meirionnydd,38838,214215,7090,,4935,2.64,4.05,11.53,81.79,9.6,13.18,29.24,47.98,16.28,12.42,16.92,54.38,21.35,21.81,24.49,32.36,,,,,19.66,22.61,24.66,33.07,1.69,31.4,66.91,,,5.24,48.18,46.58,,,13.53,41.75,44.72,,,20.08,47.12,32.79,,,,,,,,20.97,45.49,33.54,,,0.68,2.02,1.85,3.77,91.67,3.14,5.07,10.03,21.08,60.68,7.2,9.49,7.96,11.1,64.26,9.93,13.51,15.46,18.35,42.75,,,,,,8.02,14.63,15.62,16.98,44.74,0.31,0.95,1.88,2.94,93.92,1.96,2.79,5.45,16.67,73.13,3.97,7.57,8.15,11.57,68.74,6.84,10.39,12.44,17.33,52.99,,,,,,5.47,10.74,12.18,17.53,54.08,29.66,61.62,8.54,0.19,,54.89,41.84,3.06,0.21,,37.6,58.07,4.32,,,64.85,34.14,1,0,,98.62,1.38,,,,98.41,1.59,,,,99.57,0.43,,,,99.6,0.4,,,
N06000005,East Antrim,43442,57797,2859,,1417,0.23,0.6,4.29,94.88,2.23,5.45,32.79,59.53,6.42,9.39,18.32,65.87,12.28,9.9,26.72,51.1,,,,,8.68,9.46,29.08,52.79,0.06,55.92,44.02,,,0.51,94.72,4.77,,,3.36,70.73,25.91,,,7.49,78.52,13.99,,,,,,,,7.69,88.21,4.09,,,0.03,0.09,0.8,2.62,96.46,0.62,1.19,5.47,24.74,67.98,5.98,3.92,5.82,10.37,73.9,3.04,7.07,12.49,18.99,58.41,,,,,,2.26,5.5,10.66,20.54,61.04,0.02,0.05,0.45,2.65,96.83,0.23,0.61,4.85,21.79,72.51,0.96,3.72,8.63,10.4,76.29,1.82,5.53,9.86,17.38,65.41,,,,,,2.05,4.45,7.62,17.78,68.1,2.42,18.05,34.15,25.32,20.06,20.8,44.68,20.96,8.1,5.46,4.81,27.07,43.99,15.82,8.31,31.46,44.43,18.17,5.37,0.56,11.05,37.05,50.74,1.16,,59.4,32.51,6.02,2.08,,14.59,37.92,47.49,,,73.59,19.61,6.8,,
S16000101,East Kilbride,37908,5039,398,,257,,,0.6,99.4,0,0.12,16.35,83.53,,0.04,1.51,98.45,0.25,1.01,13.32,85.43,,,,,,,10.89,89.11,,44.55,55.45,,,,82.69,17.31,,,,36.1,63.9,,,,66.33,33.67,,,,,,,,,62.65,37.35,,,,,,,100,0,,0.04,2.01,97.95,,,,0.32,99.68,0.5,,0.25,4.77,94.47,,,,,,,,,4.28,95.72,,,,,100,,,0.03,0.53,99.45,,,,0.14,99.86,,0.25,0.25,2.51,96.98,,,,,,,,,2.33,97.67,,6.02,39.09,39.74,15.14,0.04,3.35,25.58,35.38,35.64,0.51,41.11,39.92,11.9,6.55,1.05,30.38,35.6,22.78,10.18,34.38,53.9,8.06,3.66,,19.98,31.99,15.86,32.17,,66.51,32.2,0.96,0.33,,39.83,38.12,11.99,10.06,
N06000006,East Londonderry,50518,127271,5622,,2345,0.39,1.54,16.99,81.08,7.62,13.84,41.77,36.77,2.92,4.82,23.19,69.07,13.61,14.37,40.89,31.13,,,,,5.88,9.47,44.14,40.51,,96.01,3.99,,,0.77,98.43,0.8,,,0.19,90.54,9.27,,,2.69,94.17,3.15,,,,,,,,1.83,90.62,7.55,,,0.01,0.16,0.47,2.9,96.46,0.85,2.75,9.59,24,62.81,0.39,1.01,2.74,8.39,87.47,4.66,6.19,11.17,22.98,55,,,,,,0.85,2.47,10.41,23.03,63.24,,0.01,0.42,2.72,96.85,0.18,1.41,7.23,22.35,68.83,0.02,0.47,1.68,8.67,89.16,1.55,5.05,10.9,22.89,59.61,,,,,,0.26,1.58,7.72,22.05,68.4,2.14,26.13,52.08,19.64,,8.35,39.21,42.88,9.56,,5.43,33.82,55.53,5.22,,18.33,43.07,36.42,2.18,,8.51,91.49,,,,27.07,72.93,,,,22.91,77.09,,,,48.7,51.3,,,
S16000102,East Lothian,42762,65382,3525,,1617,0.12,0.62,8.19,91.07,2.92,11.44,31.55,54.09,3.25,5.71,18.77,72.27,6.61,11.57,27.49,54.33,,,,,3.09,4.82,26.72,65.37,0.01,55.24,44.75,,,0.35,74.78,24.87,,,0.41,59.21,40.38,,,1.22,77.19,21.59,,,,,,,,0.12,72.36,27.52,,,0.03,0.03,0.08,1.15,98.72,0.33,1.21,4.84,12.75,80.87,1.14,1.98,2.8,9.49,84.57,1.19,4.23,6.16,14.3,74.13,,,,,,,0.31,5.75,11.26,82.68,0.01,0.02,0.06,0.93,98.98,0.09,0.88,3.23,10.52,85.29,0.28,1.1,3.04,9.9,85.69,0.34,2.72,5.05,12.94,78.95,,,,,,,0.12,1.92,8.72,89.24,2.78,16.81,45.84,27.9,6.66,25.85,25.05,32.7,13.79,2.62,9.23,43.51,32.74,12.14,2.38,43.41,38.01,15.59,2.52,0.48,22.2,59.85,12.04,5.91,,36.8,59.76,2.17,1.27,,34.6,55.16,9.98,0.26,,62.55,36,1.33,0.12,
S16000103,Eastwood,31229,12879,609,133,419,,0.01,2.87,97.12,0.07,1.88,24.43,73.63,0.64,2.8,22.56,74,4.76,2.79,20.85,71.59,,1.5,15.79,82.71,,0.72,18.62,80.67,,30.12,69.88,,,0.06,68.23,31.7,,,0.14,69.74,30.12,,,0.33,79.64,20.03,,,1.5,98.5,,,,0.72,71.36,27.92,,,,,0.01,0.1,99.89,0.01,0.04,0.51,3.8,95.64,0.06,0.28,1.79,8.53,89.35,1.97,2.46,2.13,8.54,84.89,,,,6.77,93.23,,,,7.4,92.6,,,,0.03,99.97,,0.02,0.12,1.75,98.11,0.01,0.11,1.15,8.49,90.25,,2.46,2.46,6.08,89,,,,3.76,96.24,,,,3.34,96.66,0.1,0.95,16.31,25.02,57.62,23.95,15.8,19.77,17.63,22.85,1.59,15.21,44.56,29.83,8.81,35.32,29.15,21.39,10.79,3.35,1.58,16.09,13.33,68.99,,28.6,22.26,17.28,31.86,,10.54,30.62,28.56,30.29,,47.35,28.71,16,7.94,
S16000104,Edinburgh Central,58926,1463,300,,231,,,0.21,99.79,,0.01,11.47,88.53,,,0.21,99.79,,,14.67,85.33,,,,,,,18.18,81.82,,54.21,45.79,,,,82.34,17.66,,,,44.02,55.98,,,,79.67,20.33,,,,,,,,,80.09,19.91,,,,,,,100,,,,,100,,,,,100,,,,,100,,,,,,,,,,100,,,,,100,,,,,100,,,,,100,,,,,100,,,,,,,,,,100,,,,3.28,96.72,,,,2.6,97.4,,,9.16,47.99,42.85,,,7.11,41.83,51.06,,1.62,6.04,92.33,,,1.23,4.58,94.19,,,5.48,40.03,54.5,,,4.03,34.31,61.65,
S16000105,Edinburgh Eastern,50258,3075,482,,397,,,0.44,99.56,,,8.71,91.29,,,1.89,98.11,,,9.96,90.04,,,,,,,9.57,90.43,,52.65,47.35,,,,75.44,24.56,,,,45.92,54.08,,,,69.92,30.08,,,,,,,,,76.57,23.43,,,,,,,100,,,,0.78,99.22,,,,,100,,,,1.24,98.76,,,,,,,,,1.51,98.49,,,,,100,,,,0.61,99.39,,,,,100,,,,0.41,99.59,,,,,,,,,0.5,99.5,,,,13.28,86.72,,,,8.49,91.51,,0.05,11.16,51,37.79,,0.16,7.84,46.21,45.79,,0.6,32.93,66.47,,,0.46,30.24,69.3,,0.1,28.18,51.71,20.01,,0.2,17.01,53.56,29.24,
S16000106,Edinburgh Northern and Leith,56998,1460,190,,153,,,0.12,99.88,,,12.51,87.49,,,0.07,99.93,,,11.58,88.42,,,,,,,13.73,86.27,,67.91,32.09,,,,92.66,7.34,,,,42.12,57.88,,,,81.58,18.42,,,,,,,,,77.12,22.88,,,,,,,100,,,,0.01,99.99,,,,,100,,,,0.53,99.47,,,,,,,,,0.65,99.35,,,,,100,,,,,100,,,,,100,,,,,100,,,,,,,,,,100,,,,10.71,89.29,,,,11.92,88.08,,,5.92,47.81,46.27,,,8.22,48.63,43.15,,,1.19,98.81,,,,3.7,96.3,,,0.26,32.57,67.17,,,1.1,36.64,62.26,
S16000107,Edinburgh Pentlands,36369,10547,557,93,513,0.01,0.01,0.29,99.7,0.04,0.15,7.4,92.41,1.31,1.91,6.94,89.85,,,13.11,86.89,1.08,,35.48,63.44,0.19,,15.4,84.41,,28.71,71.29,,,0.01,69.91,30.08,,,0.06,24.2,75.75,,,,61.4,38.6,,,,90.32,9.68,,,,63.94,36.06,,,,,0.01,0,99.99,0.01,0.01,0.05,2.75,97.18,0.09,0.09,0.58,3.65,95.59,,,0.18,3.59,96.23,,,,1.08,98.92,,,0.19,4.09,95.71,,,,0.01,99.99,0.01,0,0.02,0.09,99.88,0.03,0.09,0.23,3.25,96.41,,,,0.36,99.64,,,,,100,,,,0.39,99.61,,0.01,6.9,4.43,88.66,0.48,5.07,23.49,24.94,46.02,0.01,0.93,16.93,16.53,65.61,4.62,11.66,45.04,15.01,23.67,,0.02,18.67,81.31,,0.93,5.52,37.25,56.3,,0.01,0.93,59.39,39.68,,4.88,11.91,63.77,19.44,
S16000108,Edinburgh Southern,43065,1963,196,,196,,,,100,0,,10.53,89.46,,,0.15,99.85,,,9.18,90.82,,,,,,,9.18,90.82,,50.81,49.19,,,,83.36,16.64,,,,56.7,43.3,,,,87.76,12.24,,,,,,,,,87.76,12.24,,,,,,,100,,,,0.09,99.91,,,,,100,,,,,100,,,,,,,,,,100,,,,,100,,,,0.09,99.91,,,,,100,,,,,100,,,,,,,,,,100,,,,0.19,99.81,,,,0.31,99.69,,,1.77,56.8,41.43,,,1.53,45.19,53.29,,,1.07,98.93,,,,2.24,97.76,,,0.06,25.39,74.55,,,0.71,25.78,73.51,
S16000109,Edinburgh Western,43405,7693,630,182,539,0.02,,1.23,98.75,0.31,2.92,19.5,77.27,0.18,0.52,4.61,94.68,0.16,3.33,21.11,75.4,,0.55,24.73,74.73,,0.56,18.74,80.71,,37.73,62.27,,,0,67.19,32.81,,,,23.14,76.86,,,,67.62,32.38,,,,77.47,22.53,,,,70.13,29.87,,,,,,0,100,,0.02,0.27,2.08,97.64,,,0.22,0.57,99.21,,,0.16,1.9,97.94,,,,2.2,97.8,,,,0.93,99.07,,,,,100,,0.02,0.06,1.56,98.36,,,,0.55,99.45,,,,1.43,98.57,,,,1.65,98.35,,,,0.56,99.44,,,0.15,13.3,86.55,,0.08,1.98,18.3,79.64,,0.43,4.63,37.73,57.21,0.08,2.95,12.04,37.84,47.09,0,0.12,14.27,85.61,,0.13,2.08,18.3,79.49,,0.38,1.38,25.23,73.01,,1.23,9.58,31.77,57.42,
S16000111,"Ettrick, Roxburgh and Berwickshire",40103,318826,10766,,4862,0.9,1.82,9.81,87.47,4.53,6.29,29.78,59.4,10.59,9.05,25.94,54.42,14.33,12.98,32.36,40.33,,,,,5.7,7.96,33.75,52.59,0.41,58.38,41.21,,,1.6,74.9,23.5,,,5.05,67.36,27.59,,,8.89,68.34,22.78,,,,,,,,0.35,69.52,30.13,,,0.24,0.31,0.85,2.53,96.07,1.09,2.55,3.93,10.49,81.94,3.15,4.24,7.33,10.9,74.38,3.98,8.11,8.81,19.79,59.31,,,,,,2.12,2.74,6.33,21.97,66.84,0.07,0.24,0.7,2.33,96.66,0.5,1.48,3.74,10.22,84.06,1.21,3.18,6.63,11.98,76.99,1.84,6.52,9.13,18.27,64.24,,,,,,0.1,1.65,5.59,17.96,74.7,34.95,31.39,33.66,,,68.06,22,9.89,0.05,,40.64,30.53,28.83,,,78.6,16.35,5.05,0,,65.72,34.28,,,,84.87,15.11,0.02,,,70.34,29.66,,,,91.31,8.69,,,
S16000112,Falkirk East,37485,18674,1579,227,968,0.05,0.38,6.19,93.38,1.27,3.05,27.51,68.16,2.53,7.19,15.7,74.57,7.16,9.37,30.65,52.82,,,9.25,90.75,2.58,4.24,21.8,71.38,0.04,19.84,80.12,,,1.8,62.57,35.62,,,0.44,28.43,71.13,,,6.21,58.71,35.09,,,,51.54,48.46,,,0.1,54.75,45.14,,,,0.14,1.65,1.11,97.11,0.31,0.82,2.08,8.78,88.01,0.02,2.16,4.66,7.46,85.69,1.96,4.24,8.93,13.74,71.12,,,,,100,0.21,0.31,2.58,6.82,90.08,,,0.14,2.37,97.49,0.1,0.31,1.39,5.14,93.05,0.01,0.22,1.96,7,90.81,0.82,2.66,3.67,14.38,78.47,,,,,100,,0.21,0.31,5.06,94.42,2.97,12.32,25.01,22.79,36.91,22.48,17.72,19.77,20.77,19.26,5.9,24.46,37.66,22.48,9.49,34.13,17.67,32.9,12.14,3.16,3.04,96.94,0.03,,,26,72.73,1.23,0.03,,8.3,91.68,0.02,,,41.25,57.93,0.82,,
S16000113,Falkirk West,39785,10910,905,306,832,0.01,0.01,6.77,93.22,0.28,2.3,40.39,57.03,1.7,1.42,9.25,87.63,1.88,2.54,36.13,59.45,,2.29,23.86,73.86,0.12,2.64,34.98,62.26,,25.73,74.27,,,0,67.67,32.33,,,0.32,30.48,69.2,,,1.22,62.87,35.91,,,,42.16,57.84,,,,53.13,46.88,,,,,0,0.23,99.77,0,0.01,0.14,9.89,89.96,0.02,0.26,1.18,1.87,96.67,0.77,0.66,0.11,10.28,88.18,,,0.33,8.17,91.5,,,0.12,10.34,89.54,,,,0.23,99.77,0,,0.04,8.9,91.06,,0.12,0.39,2.28,97.2,0.77,0.44,0.22,8.18,90.39,,,,5.23,94.77,,,,7.45,92.55,0.01,5.61,18.26,37.06,39.07,2.85,10.81,21.89,34.33,30.13,2.52,23.87,34.3,21.21,18.09,8.3,25.83,37.04,21.08,7.75,11.48,88.52,,,,17.51,81.93,0.56,,,23.64,76.36,,,,40.61,59.39,,,
N06000007,Fermanagh And South Tyrone,51192,234776,8632,170,4191,1.02,2.5,26.44,70.05,9.79,11.55,45.55,33.11,4.11,6.43,27.84,61.62,16.16,17.77,38.52,27.55,,,42.94,57.06,7.71,13.39,44.14,34.76,0.04,97.06,2.89,,,1.6,97.16,1.24,,,0.34,98.1,1.56,,,3.36,95.96,0.68,,,,97.65,2.35,,,1.03,97.8,1.17,,,0.15,0.28,1.23,4.19,94.15,2.53,3.89,11.3,21.75,60.53,1.15,1.97,4.88,9.2,82.8,5.16,5.9,13.8,23.37,51.78,,,2.35,18.24,79.41,0.72,2.7,10.64,23.1,62.85,0.01,0.18,0.99,3.84,94.98,0.81,2.96,9.55,23.01,63.68,0.14,1.45,4.52,9.12,84.78,1.85,4.9,11.5,25.32,56.42,,,2.35,17.06,80.59,0.12,1.26,7.4,22.93,68.29,15.38,50.81,30.4,3.4,0.01,25.11,42.69,30.28,1.92,0.01,25.97,49.04,24.12,0.87,,39.55,38.68,21.36,0.4,,29.84,70.16,,,,46.72,53.28,,,,44.78,55.22,,,,66.22,33.78,,,
N06000008,Foyle,47466,17613,1119,,699,,0.01,12.98,87.01,0.24,2.27,50.2,47.29,0.05,0.55,15.51,83.89,1.07,3.66,38.96,56.3,,,,,1.29,4.29,35.48,58.94,,100,,,,0.01,99.99,,,,,100,,,,0.18,99.82,,,,,,,,,0.29,99.71,,,,,,0.29,2.3,97.41,0.01,0.26,6,13,80.73,0.02,0.05,0.97,3.08,95.88,0.18,0.63,10.01,12.78,76.41,,,,,,0.29,0.72,9.01,11.59,78.4,,,0.28,2.3,97.42,0,0.09,5.74,13.07,81.09,,0.03,0.81,2.66,96.5,,,9.2,12.15,78.64,,,,,,,,8.01,11.02,80.97,2.69,21.26,21.79,29.26,24.99,2.47,27.47,39.66,22.4,8,3.42,40.47,30.4,22.32,3.39,6.56,37.07,44.16,11.17,1.03,2.87,97.13,,,,3.25,96.75,,,,6.64,93.36,,,,13.8,86.2,,,
S16000114,Galloway and West Dumfries,41561,364928,10680,,6651,0.73,2.05,15.02,82.2,5.66,8.27,36.64,49.43,11.65,11.06,23.23,54.06,12.98,18.55,33.14,35.34,,,,,7.71,10.52,39.27,42.49,0.3,53.46,46.24,,,1.91,67.72,30.37,,,4.27,71.14,24.59,,,7.48,73.25,19.27,,,,,,,,2.03,76.44,21.53,,,0.06,0.22,0.71,3.4,95.61,1.21,2.86,5.06,11.48,79.38,2.33,4.23,7.18,11.31,74.96,1.46,7.14,12.22,22.48,56.69,,,,,,0.75,3.5,9.29,23.36,63.09,0.01,0.11,0.31,2.91,96.67,0.31,1.98,3.72,10.72,83.27,1.07,2.49,4.57,11.41,80.47,0.66,3.83,8.77,22.37,64.37,,,,,,0.36,1.26,6.57,21.09,70.71,22.93,20.14,27.94,25.13,3.86,65.18,20.31,10.52,3.84,0.16,32.66,20.85,28.15,16.83,1.5,78.56,15.59,4.87,0.95,0.04,33.22,65.66,1.11,,,75.4,21.93,2.67,,,47.75,51.98,0.27,,,89.05,10.49,0.46,,
S16000115,Glasgow Anniesland,39719,1714,168,,168,,,,100,,,1.77,98.23,,,,100,,,1.19,98.81,,,,,,,1.19,98.81,,98.18,1.82,,,,99.03,0.97,,,,97.32,2.68,,,,99.4,0.6,,,,,,,,,99.4,0.6,,,,,,,100,,,,,100,,,,,100,,,,,100,,,,,,,,,,100,,,,,100,,,,,100,,,,,100,,,,,100,,,,,,,,,,100,,,,2.03,97.97,,,,1.28,98.72,,,5.33,30.53,64.14,,,4.26,29,66.74,,,,100,,,,,100,,,,10.93,89.07,,,0.06,9.68,90.26,
S16000116,Glasgow Cathcart,41188,2376,300,20,55,,,0.07,99.93,0,0.03,5.94,94.03,,,2.86,97.14,0.33,0.67,10.67,88.33,,,50,50,,,18.18,81.82,,6.73,93.27,,,,41.38,58.62,,,,10.65,89.35,,,,42.67,57.33,,,,35,65,,,,16.36,83.64,,,,,,,100,,,0.04,1.13,98.83,,,,0.21,99.79,0.33,,0.33,3,96.33,,,10,10,80,,,3.64,3.64,92.73,,,,,100,,,,0.12,99.88,,,,0.13,99.87,,,0.33,2.33,97.33,,,,20,80,,,,7.27,92.73,,,,14.65,85.35,,0.04,0.13,6.44,93.39,,0,3.35,50.31,46.34,0.17,0.84,5.39,40.61,52.99,,,0.29,99.71,,,0.08,1.56,98.36,,,0.02,6.41,93.56,,0.34,1.22,12.92,85.52,
S16000117,Glasgow Kelvin,60838,1139,271,78,261,,,,100,,,5.52,94.48,,,,100,,,,100,,,,100,,,,100,,20.78,79.22,,,,52.36,47.64,,,,20.63,79.37,,,,61.62,38.38,,,,89.74,10.26,,,,65.9,34.1,,,,,,,100,,,,,100,,,,,100,,,,,100,,,,,100,,,,,100,,,,,100,,,,,100,,,,,100,,,,,100,,,,,100,,,,,100,,,,,100,,,,,100,,,,21.04,78.96,,,,20.11,79.89,,,,100,,,,,100,,,,0.41,99.59,,,,0.61,99.39,
S16000118,Glasgow Maryhill and Springburn,38360,2695,229,14,179,,,1.04,98.96,,,12.44,87.56,,,1.04,98.96,,,4.8,95.2,,,7.14,92.86,,,5.59,94.41,,71.12,28.88,,,,94.09,5.91,,,,69.05,30.95,,,,86.03,13.97,,,,85.71,14.29,,,,89.39,10.61,,,,,,0,100,,,0.01,0.95,99.04,,,,0.04,99.96,,,,1.31,98.69,,,,,100,,,,1.68,98.32,,,,0,100,,,0.01,0.59,99.4,,,,0.04,99.96,,,,1.31,98.69,,,,,100,,,,1.68,98.32,,,,0.27,99.73,,,0.04,5.05,94.92,,,1.4,23.99,74.61,,0.15,3.34,31.5,65.01,,,,100,,,,0.56,99.44,,,,3.8,96.2,,,0.33,6.75,92.91,
S16000119,Glasgow Pollok,39982,2504,257,124,319,,,0.61,99.39,,,21.61,78.39,,,2.2,97.8,,,20.23,79.77,,,25,75,,,21,79,,71.17,28.83,,,,95.45,4.55,,,,65.89,34.11,,,,96.11,3.89,,,,81.45,18.55,,,,92.48,7.52,,,,,,,100,,,,0.43,99.57,,,,,100,,,,1.95,98.05,,,,2.42,97.58,,,,1.25,98.75,,,,,100,,,,0.21,99.79,,,,,100,,,,1.95,98.05,,,,2.42,97.58,,,,1.25,98.75,,,,0.33,99.67,,,,0.24,99.76,,,0.08,18.69,81.23,0.12,0.12,0.56,15.73,83.47,,,,100,,,,0.12,99.88,,,,2.56,97.44,,0.16,0.52,5.07,94.25,
S16000150,Glasgow Provan,39100,3109,288,215,324,,,0.92,99.08,0.04,0.2,15.58,84.18,,,6.63,93.37,,,18.4,81.6,,,26.51,73.49,,,21.91,78.09,,50.52,49.48,,,,75.12,24.88,,,,71.76,28.24,,,,84.38,15.63,,,,91.63,8.37,,,,87.65,12.35,,,,,,,100,,0.2,0.53,2.63,96.64,,,,0.19,99.81,,,0.35,6.94,92.71,,,,6.05,93.95,,,,5.56,94.44,,,,,100,,,0.2,2.13,97.68,,,,0.19,99.81,,,0.35,6.94,92.71,,,,6.05,93.95,,,,5.56,94.44,,,0.19,6.93,92.88,,0.03,1.45,9.78,88.74,,0.58,8.25,50.5,40.68,0.96,3.7,11.84,45.74,37.76,,0.18,4.34,95.49,,,1.61,9.42,88.97,,0.13,0.76,23.62,75.49,,3.09,4.47,26.89,65.55,
S16000121,Glasgow Shettleston,46134,2537,443,136,481,,,1.3,98.7,,0.02,36.1,63.88,,,2.21,97.79,,0.23,37.02,62.75,,,41.18,58.82,,0.21,37.63,62.16,,23.94,76.06,,,,68.34,31.66,,,,27,73,,,,68.62,31.38,,,,71.32,28.68,,,,70.06,29.94,,,,,,,100,,,0.01,0.03,99.96,,,,,100,,,,,100,,,,0.74,99.26,,,,0.21,99.79,,,,,100,,,0.01,0.03,99.96,,,,,100,,,,,100,,,,0.74,99.26,,,,0.21,99.79,,,,0.67,99.33,,,,2.92,97.08,,,3.98,26.7,69.31,,,2.76,28.26,68.98,,,,100,,,,0.35,99.65,,,,5.72,94.28,,,,4.77,95.23,
S16000122,Glasgow Southside,39593,1418,281,128,314,,,,100,,,2.24,97.76,,,,100,,,4.63,95.37,,,1.56,98.44,,,4.78,95.22,,31.65,68.35,,,,78.83,21.17,,,,23.06,76.94,,,,71.53,28.47,,,,94.53,5.47,,,,77.71,22.29,,,,,,,100,,,,,100,,,,,100,,,,,100,,,,,100,,,,,100,,,,,100,,,,,100,,,,,100,,,,,100,,,,,100,,,,,100,,,,10.25,89.75,,,,9.03,90.97,,,0.39,43.14,56.47,,,0.28,36.6,63.12,,,,100,,,,,100,,,,0.39,99.61,,,,0.28,99.72,
W09000018,Gower,39268,29848,1296,120,703,0.26,0.85,24.78,74.11,3.94,10.67,45.58,39.81,4.74,5.23,21.93,68.1,6.71,10.03,37.89,45.37,,1.67,33.33,65,2.56,8.53,36.27,52.63,0.34,41.14,58.52,,,1.01,66.96,32.03,,,1.91,52.78,45.31,,,3.09,65.74,31.17,,,,25,75,,,1.42,60.03,38.55,,,0.05,0.06,0.93,1.89,97.06,0.46,1.3,9.24,24.74,64.26,1.68,1.72,4.05,9.16,83.39,1.7,2.93,7.79,22.15,65.43,,,0.83,26.67,72.5,,0.71,6.54,25.32,67.43,0.01,0.05,0.61,1.16,98.17,0.16,0.83,6.42,21.27,71.32,0.83,1.26,2.76,6.95,88.2,1.23,1.16,7.1,17.67,72.84,,,,23.33,76.67,,,4.84,19.2,75.96,12.81,30.49,34.25,21.19,1.26,27,25.37,32.46,14.96,0.21,30.71,44.15,20.14,4.4,0.61,40.02,36.13,21.14,2.66,0.06,21.26,38.15,40.59,,,42.68,26.37,30.95,,,40.44,49.75,9.81,,,57.25,29.91,12.84,,
S16000123,Greenock and Inverclyde,39781,11458,588,,485,0.01,0.01,0.1,99.88,0.05,0.34,11.6,88.01,3.29,4,10.57,82.14,1.19,3.91,17.01,77.89,,,,,,1.03,19.59,79.38,,3,97,,,0.01,22.15,77.85,,,0.13,11.43,88.44,,,0.17,17.35,82.48,,,,,,,,,16.91,83.09,,,,,0.02,0.01,99.98,0.01,0.01,0.08,2.14,97.75,1.1,0.92,1.49,6.32,90.17,1.19,2.04,0.51,3.06,93.2,,,,,,,,,2.89,97.11,,,,0.01,99.99,0.01,0.01,0.01,1.04,98.94,0.13,1.12,0.79,3.74,94.21,0.17,0.68,2.21,1.36,95.58,,,,,,,,,0.62,99.38,2.96,20.92,19.2,34.59,22.33,23.05,23.98,22.12,16.95,13.89,11.42,34.13,20.6,22.7,11.14,35.35,32.12,20.18,9.82,2.54,38.28,60.78,0.93,,,61.41,27.7,10.89,,,66.79,33.21,0.01,,,82.04,15.92,2.04,,
S16000124,"Hamilton, Larkhall and Stonehouse",39698,10395,651,197,642,,0.03,2.35,97.63,0.6,1.88,24.81,72.71,0.28,0.97,9.59,89.16,0.31,2.61,31.95,65.13,,2.54,53.3,44.16,0.31,3.27,39.88,56.54,,27.32,72.68,,,0.02,74.96,25.02,,,0.02,45.06,54.92,,,0.15,64.06,35.79,,,,69.04,30.96,,,0.16,62.62,37.23,,,,0,0.13,0.11,99.75,0.02,0.43,1.46,6.21,91.88,,0.28,0.91,2.56,96.25,,,2,10.29,87.71,,,0.51,24.87,74.62,,,1.56,14.8,83.64,,,0.11,0.09,99.8,0.01,0.01,0.8,4.54,94.63,,0.03,0.49,2.36,97.12,,,0.77,7.22,92.01,,,0.51,21.32,78.17,,,0.78,11.84,87.38,2.05,17.94,48.97,26.45,4.59,9.13,18.81,37.92,24.65,9.49,13.18,46.67,38.67,1.45,0.04,20.67,50.83,23.76,4.04,0.69,56.06,36.5,4.88,2.56,,47.18,42.05,6.59,4.18,,95.04,4.81,0.16,,,91.41,7.1,1.49,,
S16000125,Inverness and Nairn,49016,180165,4659,,2469,0.28,1.15,8.02,90.55,5.08,6.81,28.15,59.95,15.83,9.3,30.83,44.05,17,18.57,34.15,30.29,,,,,13.53,15.31,34.14,37.02,0.06,24.04,75.9,,,0.79,65.63,33.58,,,6.5,72.77,20.73,,,4.83,73.02,22.15,,,,,,,,2.43,76.06,21.51,,,0.04,0.06,0.14,0.97,98.79,0.37,1.53,2.41,7.37,88.32,7.63,4.58,5.39,13.05,69.35,2.64,7.36,10.52,24.23,55.25,,,,,,2.39,5.95,8.79,23.05,59.82,0.03,0.03,0.07,0.87,99,0.15,0.62,1.78,6.17,91.29,4.43,5.04,5.01,12.81,72.71,1.09,2.98,8.95,22.04,64.93,,,,,,1.09,1.98,7.94,17.33,71.65,8.29,5.4,14.25,22.79,49.27,67.65,22.76,4.77,2.36,2.47,10.81,6.28,19.37,43.43,20.1,76.86,17.53,3.05,1.65,0.91,10.06,89.94,,,,79.52,20.48,,,,16.6,83.4,,,,85.81,14.19,,,
W09000036,Islwyn,36086,11202,1023,,620,,0.06,4.77,95.17,0.35,1.63,30.49,67.53,4.01,1.92,6.11,87.96,2.54,6.74,38.22,52.49,,,,,3.23,7.9,36.77,52.1,,76.32,23.68,,,0.07,93.5,6.43,,,0.75,49.86,49.39,,,0.29,89.15,10.56,,,,,,,,0.48,88.06,11.45,,,,,0,0.27,99.73,0.04,0.06,1.09,7.24,91.55,3.11,1.08,1.15,2.77,91.89,,0.59,3.42,11.93,84.07,,,,,,,0.81,3.71,9.19,86.29,,,,0.19,99.81,,0.06,0.51,5.58,93.85,0.71,2.32,1.21,1.78,93.98,,,1.86,8.8,89.35,,,,,,,,2.1,6.45,91.45,0.13,22.99,61.36,11.31,4.2,4.94,26.15,59.77,6.13,3.02,6.47,44.66,36.43,11.87,0.57,11.94,53.6,29.78,4.25,0.43,0.15,81.51,18.34,,,5.99,82.46,11.19,0.36,,7.5,78.47,14.03,,,13.8,79.97,6.23,,
S16000126,Kilmarnock and Irvine Valley,42956,37302,2061,115,1270,0.01,0.1,1.51,98.39,0.86,5.15,24.76,69.23,1.18,3.8,22.05,72.97,5.29,7.47,25.38,61.86,,4.35,48.7,46.96,1.65,4.65,28.74,64.96,,51.04,48.96,,,0.11,74.94,24.95,,,0.05,46.31,53.64,,,0.82,66.91,32.27,,,,69.57,30.43,,,0.16,64.8,35.04,,,,0,0,0.17,99.83,0.03,0.14,1.91,7.19,90.73,0.03,0.29,1.36,9.3,89.02,1.02,2.43,4.17,11.74,80.64,,1.74,6.09,13.04,79.13,,0.39,3.07,10.39,86.14,,,0,0.05,99.95,0,0.03,0.49,5.45,94.03,,0.05,0.51,9.4,90.03,0.39,1.12,3.64,6.94,87.92,,,7.83,10.43,81.74,,,2.28,5.43,92.28,1.44,11.77,20.41,37.24,29.14,30.58,25.34,16.71,18.16,9.21,5.12,26.43,33.2,21.45,13.8,46.44,31.34,12.43,6.98,2.81,31.03,68.97,,,,59.8,40.19,0.01,,,51.42,48.58,,,,83.46,16.54,,,
S16000127,Kirkcaldy,43900,9545,1129,,652,,0.02,0.46,99.52,0.14,1.63,32.31,65.93,0.4,1.45,8.34,89.82,3.37,5.4,33.13,58.1,,,,,0.61,2.45,36.81,60.12,,19.14,80.86,,,0.03,48.23,51.75,,,,41.6,58.4,,,0.09,61.38,38.53,,,,,,,,,58.13,41.87,,,,,0.01,0.05,99.95,0,0.04,0.39,6.22,93.35,,0.05,0.75,2.25,96.94,0.44,0.8,4.43,13.02,81.31,,,,,,,0.46,0.77,12.88,85.89,,,0,0.03,99.97,,0.01,0.05,4.71,95.24,,,0.13,1.81,98.06,0.09,0.35,1.33,11.16,87.07,,,,,,,,0.77,8.59,90.64,0.57,3.78,18.08,36.4,41.17,0.49,13.45,24.99,39.47,21.6,5.04,13.73,43.84,25.51,11.88,7.31,26.78,45.39,16.13,4.39,3.64,85.39,7.93,3.03,,17.27,68.1,8.54,6.1,,15.82,76.33,7.66,0.19,,40.58,50.3,7.87,1.26,
N06000009,Lagan Valley,51288,46799,2611,299,1443,0.08,0.37,11.72,87.83,2.26,6.19,42.67,48.87,0.5,1.84,21.08,76.58,6.32,10.3,40.29,43.09,,,8.7,91.3,0.62,3.26,32.92,63.2,,88.44,11.56,,,0.17,96.02,3.81,,,0,96.66,3.34,,,0.57,97.28,2.14,,,,100,,,,0.07,98.2,1.73,,,,0,0.06,1.12,98.81,0.3,1.59,5.98,13.46,78.68,0.01,0.06,0.64,3.26,96.03,0.8,2.72,11.03,18.73,66.72,,,0.33,2.68,96.99,0.07,0.35,3.81,13.03,82.74,,,0.03,1.01,98.96,0.03,0.59,5.5,13.22,80.65,,0.01,0.32,2.63,97.04,0.11,1.15,8.12,20.18,70.43,,,0.33,2.34,97.32,,0.14,2.98,12.47,84.41,1.44,14.21,15.43,35.2,33.72,1.54,26.54,38.01,24.26,9.66,4.26,23.77,32.04,34.43,5.5,8.62,36.64,38.58,14.4,1.76,7.97,24.93,56.85,10.26,,10.66,54.1,27.49,7.75,,16.53,40.19,42.52,0.76,,30.36,49.68,18.72,1.24,
S16000128,Linlithgow,47509,20538,1684,321,1230,,0.06,5.92,94.02,0.53,2.35,36.73,60.39,0.67,1.67,18.37,79.3,1.96,3.8,38.66,55.58,,1.25,32.09,66.67,,1.3,33.25,65.45,,78,22,,,0.07,91.98,7.95,,,,62.64,37.36,,,,89.43,10.57,,,,80.37,19.63,,,,86.75,13.25,,,,,0.03,0.49,99.49,0.11,0.24,2,12.46,85.19,,0.22,1.78,3.95,94.05,0.42,0.53,2.14,11.7,85.21,,,0.93,6.54,92.52,,,1.22,6.91,91.87,,,0.02,0.3,99.68,0.03,0.1,1.6,9.8,88.47,,0.04,1.37,3.3,95.28,,0.48,1.78,9.44,88.3,,,0.62,3.74,95.64,,,0.89,5.61,93.5,0.63,14.16,45.15,32.1,7.96,6.78,25.02,31.04,24.23,12.93,6.67,38.87,35.69,17.6,1.16,22.66,33.63,28.95,13.6,1.17,1.53,88.53,7.76,2.18,,8.79,75.2,8.95,7.06,,11.92,87.12,0.84,0.12,,29.18,63.21,6.02,1.59,
W09000017,Llanelli,41452,23526,1861,67,866,0.01,0.51,11.83,87.65,1.97,7.83,46.82,43.39,1.64,5.58,18.21,74.58,3.82,13.76,40.19,42.24,,,38.81,61.19,1.96,9.82,40.53,47.69,0.02,28.41,71.57,,,0.24,62.12,37.64,,,0.61,38.01,61.37,,,3.44,66.25,30.31,,,,23.88,76.12,,,3.23,66.17,30.6,,,,0,0.04,1.69,98.27,0.67,1.28,3.96,10.87,83.22,0.06,0.78,3.46,7.59,88.11,0.75,2.36,9.3,17.46,70.12,,,,25.37,74.63,0.69,1.85,6.24,16.97,74.25,,0,0.01,1.03,98.96,0,1.08,2.5,10.41,86,,0.17,1.22,7.5,91.11,0.21,0.97,5.21,17.41,76.2,,,,25.37,74.63,0.12,0.92,3.93,16.4,78.64,1.93,15.28,73.66,9.13,,7.42,28.92,54.25,9.41,,11.62,57.16,31.07,0.15,,22.57,46,30.55,0.88,,77.13,11.28,11.59,,,71.98,11.08,16.94,,,93.39,5,1.6,,,87.79,8.17,4.03,,
W09000044,Merthyr Tydfil and Rhymney,36608,16280,1181,,964,0.15,0.08,1.3,98.46,0.22,0.52,12.49,86.77,1.62,3.43,10.96,83.98,2.03,4.06,19.9,74.01,,,,,2.49,4.46,19.92,73.13,0.05,22.86,77.09,,,0.31,42.8,56.88,,,2.12,30.17,67.71,,,1.95,35.9,62.15,,,,,,,,2.39,34.96,62.66,,,0,0.06,0.17,1.64,98.12,0.05,0.22,0.58,12.35,86.8,0.44,1.5,3.32,5.5,89.25,0.34,2.12,5,19.64,72.9,,,,,,0.41,2.59,5.08,17.43,74.48,,0.02,0.06,0.17,99.75,0.04,0.13,0.36,2.21,97.26,0.22,1.18,2.22,3.6,92.78,,1.1,3.47,5.84,89.59,,,,,,,1.35,3.73,5.29,89.63,4.64,38.45,56.91,,,15.01,43.53,41.46,,,6.38,55.69,37.93,,,25.77,58.29,15.93,,,11.6,88.4,,,,21.98,78.02,,,,18.57,81.43,,,,35.76,64.24,,,
S16000129,Mid Fife and Glenrothes,36551,14887,944,,605,,0.17,4.77,95.06,0.48,2.52,40.37,56.63,0.7,1.88,9.44,87.98,1.59,3.81,33.9,60.7,,,,,1.49,4.3,32.4,61.82,,51.34,48.66,,,0.04,82.13,17.83,,,0.03,46.43,53.54,,,1.06,80.83,18.11,,,,,,,,1.32,73.22,25.45,,,,0,0,0.01,99.98,0.18,0.25,0.68,4.17,94.72,0.2,0.54,0.96,1.7,96.6,0.42,0.42,2.33,9.11,87.71,,,,,,0.66,0.33,2.48,11.07,85.45,,,,0.01,99.99,,0.27,0.55,2.93,96.25,0.02,0.17,0.57,1.49,97.75,0.11,0.42,1.27,6.25,91.95,,,,,,0.17,0.5,1.32,7.11,90.91,0.04,3.63,12.73,36.73,46.87,3.55,8.87,23.4,40.33,23.85,0.7,14.97,36.9,27.86,19.58,10.42,20.96,42.24,22.01,4.37,2.78,97.22,,,,9.05,90.95,,,,12.19,87.81,,,,30.16,69.84,,,
N06000010,Mid Ulster,43749,122073,4958,,1824,1.13,4.29,24.63,69.94,15.76,17.62,38.46,28.16,2.67,6.99,25.83,64.51,22.45,18.27,34.75,24.53,,,,,17.49,14.47,39.97,28.07,0.03,78.19,21.77,,,2.4,83.81,13.79,,,0.16,92.67,7.17,,,4.18,91.55,4.28,,,,,,,,1.15,92.27,6.58,,,0.1,0.13,0.91,4.21,94.64,2.74,7.49,14.63,26.45,48.68,0.43,1,2.02,6.78,89.77,4.9,10.33,16.2,22.75,45.82,,,,,,1.32,6.58,15.19,26.21,50.71,0.03,0.07,0.2,2.98,96.72,0.61,3.69,11.61,26.66,57.44,0.1,0.46,1.55,5.87,92.03,1.77,5.24,14.38,27.39,51.21,,,,,,0.22,1.7,11.84,30.32,55.92,1.1,58.5,38.49,1.88,0.03,5.5,52.53,39.81,2.11,0.05,6.63,68.15,24.78,0.44,,14.13,55.16,30.36,0.35,,5.56,94.44,,,,11.33,88.67,,,,23.26,76.74,,,,31.97,68.03,,,
S16000130,Midlothian North and Musselburgh,44435,16671,1940,,1259,,0.02,1.49,98.49,0.17,0.66,16.77,82.41,0.59,0.85,13.33,85.23,1.39,3.87,24.64,70.1,,,,,0.4,3.26,22.32,74.03,,60.18,39.82,,,0.02,88.25,11.73,,,,54.53,45.47,,,0.36,86.34,13.3,,,,,,,,0.32,87.93,11.76,,,,0.07,0.01,0.15,99.78,0.1,0.05,0.52,7.44,91.9,0.2,0.28,0.74,2.62,96.15,0.46,0.31,2.06,11.03,86.13,,,,,,0.08,0.08,1.51,6.99,91.34,,,0.07,0.09,99.84,0,0.05,0.48,2.86,96.61,,0.2,0.44,2.62,96.74,0.21,0.26,1.39,6.65,91.49,,,,,,0.08,,0.87,4.05,95,0.21,0.83,2.91,18.98,77.07,9.09,12.84,18.88,13.59,45.6,2.25,5.78,25.28,37.56,29.12,20.92,20.17,17.58,19.75,21.59,0.7,7.88,73.24,18.18,,15.48,26.62,41.27,16.63,,7.85,27.69,61.2,3.26,,32,28.19,36.84,2.98,
S16000131,"Midlothian South, Tweeddale and Lauderdale",41720,176077,5521,,3490,0.35,0.47,9.1,90.08,2.35,5.41,31.18,61.06,12.94,8.7,25.01,53.34,9.18,9.84,33.04,47.94,,,,,4.01,7.56,35.16,53.27,0.08,49.96,49.96,,,0.49,65.37,34.14,,,4.72,72.93,22.35,,,4.33,71.51,24.16,,,,,,,,0.63,73.18,26.19,,,0.13,0.1,0.22,1.06,98.48,0.5,0.56,2.42,7.66,88.87,5.22,5.24,4.73,10.01,74.8,3.26,4.6,5.9,15.76,70.48,,,,,,0.83,2.41,5.7,17.25,73.81,0.05,0.11,0.2,0.98,98.66,0.24,0.43,1.2,7.46,90.67,2.33,4.83,5.81,10.53,76.5,2.05,3.22,5.25,14,75.48,,,,,,0.09,1.06,4.58,14.41,79.86,10.69,34.34,31.41,14.51,9.05,65.53,23.5,6.39,2.7,1.88,12.29,36.1,35.2,12.5,3.92,73.41,20.22,5.02,0.92,0.43,74.18,8.49,16.45,0.87,,88.51,6.47,4.27,0.75,,81.45,6.15,12.4,,,92.87,4.45,2.68,,
W09000034,Monmouth,43106,83015,3643,104,2008,1.66,2.17,6.31,89.86,7.29,6.3,21.95,64.46,10.01,9.37,16.28,64.34,21.93,9.91,22.87,45.29,1.92,10.58,21.15,66.35,6.57,7.92,24.2,61.3,0.69,39.37,59.94,,,3.28,57.83,38.89,,,5.93,52.82,41.25,,,12.52,55.59,31.9,,,,48.08,51.92,,,2.19,59.86,37.95,,,0.33,0.74,0.96,2.23,95.73,2.28,3.03,5.2,8.16,81.34,1.77,4.92,5.13,9.02,79.17,7.71,7.88,9,12.33,63.08,,,2.88,27.88,69.23,2.19,2.69,5.13,12.2,77.79,0.16,0.44,0.78,2.06,96.56,1.39,2.04,3.25,8.24,85.08,1.04,3.24,4.1,8.8,82.82,5.6,6.01,7.74,11.83,68.82,,,,11.54,88.46,1.15,1.74,3.78,9.01,84.31,4.91,19.62,36.07,20.62,18.78,29.27,32.44,24.33,11.33,2.63,10.71,32.46,30.99,18.36,7.48,46.04,36.85,11.64,5.04,0.43,12.61,49.85,27.35,10.19,,41.21,36.81,17.78,4.2,,31.38,37.85,27.93,2.84,,60.73,30.48,7.27,1.53,
W09000011,Montgomeryshire,33579,218122,7480,,3386,2.47,4.27,14.23,79.03,10.41,12.96,24.03,52.6,13.14,9.58,18.77,58.51,18.54,14.08,26.56,40.82,,,,,7.89,9.48,28,54.64,1.57,54.66,43.77,,,6.94,69.31,23.75,,,6.67,63.93,29.4,,,15.48,63.44,21.08,,,,,,,,6,65.36,28.65,,,0.61,1.2,1.89,4.85,91.45,4.37,4.29,9.65,13.47,68.22,4.7,5.15,5.93,10.78,73.44,8.1,7.66,11.78,18.62,53.84,,,,,,1.98,4.13,10.22,16.8,66.86,0.21,0.73,1.41,4.54,93.11,2.3,3.44,6.56,14.75,72.95,2.24,4.2,5.25,11.38,76.93,4.93,6.52,9.28,16.86,62.41,,,,,,0.77,2.51,6.91,12.79,77.02,30.31,38.48,31.21,,,64.15,22.27,13.59,,,42.03,42.55,15.41,,,72.82,21.14,6.03,,,100,,,,,100,,,,,100,,,,,100,,,,
S16000132,Moray,43361,203592,5898,,2715,0.58,1.22,16.21,81.99,3.83,9.63,40.97,45.57,16.67,10.76,29.3,43.27,19.97,17.06,34.71,28.26,,,,,21.58,13.41,31.9,33.11,0.06,53.82,46.12,,,0.89,76.07,23.04,,,5.01,71.63,23.36,,,6.83,76.42,16.75,,,,,,,,7,75.29,17.72,,,0.01,0.27,0.54,1.15,98.02,0.54,2.13,6.24,14.14,76.95,5.45,5.75,6.41,10.74,71.65,3.46,8.12,12.77,18.26,57.39,,,,,,2.54,9.06,14.48,16.28,57.64,0,0.02,0.41,1.16,98.41,0.21,1.26,4.97,11.06,82.51,3.16,4.01,6.4,12.43,74,1.68,4.76,11.33,19.48,62.75,,,,,,0.74,5.56,12.3,18.49,62.91,10.4,20.69,24.61,44.3,,48.64,29.6,12.75,9.02,,19.76,31.21,31.43,17.59,,64.05,23.12,8.22,4.61,,34.18,65.82,,,,84.04,15.96,,,,56.87,43.13,,,,92.11,7.89,,,
S16000133,Motherwell and Wishaw,38671,5033,564,,407,,,5.4,94.6,0.12,4.35,42.02,53.51,0.22,0.6,13.73,85.46,0.18,1.6,32.98,65.25,,,,,,0.25,34.15,65.6,,55.95,44.05,,,,81.26,18.74,,,,59.59,40.41,,,,79.43,20.57,,,,,,,,,75.68,24.32,,,,,,0,100,,,0.17,4.73,95.11,,,0.12,1.71,98.17,,,,7.45,92.55,,,,,,,,,7.13,92.87,,,,0,100,,,0.01,1.22,98.76,,,,1.49,98.51,,,,3.37,96.63,,,,,,,,,4.42,95.58,1.09,17.75,37.11,33.04,11.01,3.08,20.82,30.16,37.55,8.38,12.55,29.3,44.35,9.54,4.26,18.26,32.23,35.27,10.97,3.28,47.72,51.25,0.96,0.07,,52.51,46.63,0.81,0.04,,78.85,21.15,,,,83.69,16.31,,,
S16000110,Na h-Eileanan an Iar,17521,295422,6025,,4046,1.55,7.29,19.29,71.87,11.96,22.14,23.63,42.27,10.19,8.46,25.58,55.77,14.24,18.41,33.01,34.34,,,,,12.61,17.33,30.2,39.87,1.89,83.43,14.68,,,6.63,87.99,5.38,,,4.04,93.39,2.57,,,9.63,87.42,2.95,,,,,,,,8.75,88.95,2.3,,,0.07,0.63,3.6,6.47,89.24,2.47,5.2,13.88,17.15,61.3,4.21,3.85,5.99,13.01,72.94,2.52,9.36,13.21,24.32,50.59,,,,,,1.56,7.86,13.03,24.2,53.36,0.07,0.17,1.22,6.52,92.02,0.96,3.52,10.3,21.84,63.37,2.04,3.13,5.09,14.3,75.44,1.05,6.04,11.34,28.43,53.15,,,,,,0.59,3.95,10.43,28.5,56.52,73,26.85,0.14,,,86.28,13.4,0.32,,,80.21,19.76,0.02,,,91.31,8.54,0.16,,,100,,,,,100,,,,,100,,,,,100,,,,
W09000021,Neath,36165,26488,1576,,1086,0.02,0.27,5.29,94.41,1.05,4.66,15.32,78.98,5.22,7.79,16.24,70.76,1.84,7.74,24.18,66.24,,,,,1.47,7.64,26.34,64.55,0.01,32.66,67.33,,,0.17,52.56,47.27,,,2.37,47.7,49.93,,,0.19,61.99,37.82,,,,,,,,0.18,66.11,33.7,,,,0.01,0.04,1.77,98.18,0.08,0.35,1.54,10.66,87.37,0.69,1.22,5.23,8.91,83.96,0.06,0.25,4.89,15.61,79.19,,,,,,,,5.25,14.92,79.83,,0,0.02,1,98.98,0.01,0.06,0.99,4.11,94.82,0.47,0.67,2.61,6.79,89.46,,,0.95,11.61,87.44,,,,,,,,0.46,13.35,86.19,2.06,50.11,41.8,6.03,,8.46,37.27,45.82,8.45,,4.57,74.83,20.43,0.17,,22.62,49.01,27.38,0.98,,18.9,63.66,17.44,,,47.32,41.51,11.17,,,26.84,72.7,0.46,,,59.17,38.48,2.35,,
W09000040,Newport East,39558,12350,634,291,617,,0.01,0.77,99.22,0.25,1.29,16.09,82.37,0.06,0.47,6.31,93.17,1.58,3.31,22.4,72.71,,1.37,8.25,90.38,1.62,3.24,21.23,73.91,,48.4,51.6,,,0.09,74.9,25,,,0.01,51.96,48.03,,,0.16,78.71,21.14,,,,78.69,21.31,,,0.16,83.47,16.37,,,,,,0.05,99.95,,0.02,0.27,5.65,94.06,,,0.07,1,98.92,,0.95,1.58,8.2,89.27,,,0.34,4.47,95.19,,0.97,1.46,7.13,90.44,,,,0.01,99.99,,0,0.04,3.14,96.82,,,0.06,0.75,99.19,,,1.89,5.68,92.43,,,,3.44,96.56,,,1.78,6.16,92.06,0,1.01,3.27,36.05,59.67,0.53,8.46,16.58,45.6,28.83,0.7,4.11,15.28,52.93,26.98,5.63,27.81,22.37,35.21,8.98,0.01,1.62,95.16,3.22,,0.66,10.49,86.82,2.04,,1.31,8.69,90,,,7.13,35.47,57.39,,
W09000039,Newport West,44181,9642,782,205,606,0.02,0.43,5.09,94.46,0.9,3.15,27.34,68.61,0.02,0.41,5.24,94.33,1.92,2.81,19.69,75.58,,,16.1,83.9,,1.32,18.65,80.03,,74.48,25.52,,,0.02,95.67,4.31,,,,88.8,11.2,,,,97.19,2.81,,,,98.05,1.95,,,,97.19,2.81,,,,0.03,0.09,0.19,99.69,0.09,0.82,0.68,2.96,95.44,,0.01,0.13,0.64,99.21,,1.92,0.77,4.35,92.97,,,0.49,2.93,96.59,,0.17,0.66,2.97,96.2,,,0.03,0.17,99.79,,0.11,0.88,2.34,96.67,,,0.03,0.4,99.56,,,1.92,1.15,96.93,,,0.49,2.93,96.59,,,0.33,1.82,97.85,,0.21,2.64,22.57,74.58,0.01,1.94,6.91,25.07,66.08,0.85,9.74,14.44,32.06,42.91,1.57,15.2,23.31,32.44,27.47,0.2,1.19,90.94,7.67,,0.25,3.93,58.77,37.05,,1.36,15.52,80.08,3.04,,2.32,21.44,56.74,19.5,
N06000011,Newry And Armagh,52230,108090,6347,,2747,2.58,5.54,24.97,66.91,14.25,13.58,37.31,34.86,5.08,7.15,30,57.78,19.79,17.77,39.36,23.08,,,,,14.02,16.31,41.35,28.32,0.25,92.91,6.84,,,3.71,92.49,3.8,,,0.31,99.06,0.62,,,4.71,94.39,0.9,,,,,,,,4.3,93.96,1.75,,,0.7,0.8,1.57,7.02,89.9,4.37,6.51,9.99,20.14,58.99,1.03,1.68,3.15,10.49,83.64,6.14,8.13,14.34,23.84,47.55,,,,,,4.04,5.72,12.74,20.75,56.75,0.18,0.66,1.59,6.74,90.84,1.76,4.48,10.68,21.33,61.74,0.17,1.11,3,10.53,85.19,2.62,6.08,14.13,26.19,50.98,,,,,,2.44,3.68,10.81,22.21,60.87,8.84,56.47,32.65,2.02,0.02,17.85,45.91,31.71,4.47,0.06,13.35,63.24,22.91,0.5,,27.89,46.26,24.8,1.05,,19.3,80.7,,,,35.23,64.77,,,,25.35,74.65,,,,48.7,51.3,,,
N06000012,North Antrim,52291,138237,6385,121,2315,0.27,1.01,15.32,83.4,7.19,9.26,35.35,48.2,2.61,4.28,23.11,70,11.35,13.64,40.31,34.69,,0.83,27.27,71.9,2.07,6.83,40.56,50.54,0.04,99.55,0.41,,,0.6,99.39,0.01,,,1.32,97.96,0.72,,,2.11,97.85,0.03,,,,100,,,,0.04,99.87,0.09,,,0.05,0.2,0.17,1.66,97.92,1.56,2.96,7.01,16.15,72.32,1.44,1.38,2.12,4.91,90.15,2.91,4.37,8.54,19.91,64.28,,,,4.13,95.87,0.13,0.73,2.94,12.44,83.76,0.01,0.03,0.28,1.22,98.45,0.36,1.93,6.05,15.84,75.82,0.38,1.02,2.02,5.14,91.44,1.43,2.44,7.42,20.05,68.66,,,,4.13,95.87,,0.22,2.46,11.19,86.13,0.68,28.04,62.94,8.33,0,7.69,31.14,54.18,6.95,0.03,5.04,33.14,59.33,2.49,,13.67,38.05,46.4,1.88,,8.53,91.47,,,,14.21,85.79,,,,23.62,76.38,,,,29.77,70.23,,,
N06000013,North Down,45421,11267,974,,548,,0.01,4,95.99,1.49,3.31,23.61,71.59,0.27,0.88,11.72,87.14,8.21,7.7,25.05,59.03,,,,,9.12,7.66,30.29,52.92,,62.79,37.21,,,0.11,82.35,17.54,,,,73.35,26.65,,,0.92,83.37,15.71,,,,,,,,0.36,90.33,9.31,,,,,,0.13,99.87,0.01,0.18,2.52,14.13,83.15,0.02,0.03,0.26,2.25,97.44,0.82,1.95,7.19,16.53,73.51,,,,,,,2.19,8.94,14.96,73.91,,,,0.02,99.98,,0.03,0.35,8.86,90.76,,0.02,0.06,1.98,97.94,0.31,0.92,3.29,15.4,80.08,,,,,,,,2.55,18.25,79.2,0.42,12.91,26.03,44.01,16.63,0.09,21.54,40.79,26.37,11.21,0.71,26.16,51.01,21.28,0.84,1.1,31.23,55.86,10.98,0.83,5.35,82.17,11.01,1.46,,2.33,83.71,11.37,2.59,,12.48,76.08,11.43,0.01,,10.46,79.68,9.76,0.09,
S16000134,North East Fife,39901,74350,3991,,2373,0.39,1.62,4.55,93.44,4.08,7.24,24.58,64.09,1.32,3.77,12.68,82.23,9.75,12.15,23.43,54.67,,,,,4.3,10.16,21.66,63.89,,40.13,59.87,,,0.64,64.91,34.45,,,0.01,47,52.99,,,1.95,61.91,36.13,,,,,,,,0.38,63.25,36.37,,,0.01,0.02,0.16,1.59,98.23,0.42,1.77,7.19,16.39,74.23,0.06,0.26,1.21,4.84,93.63,1.83,3.36,9.32,18.52,66.98,,,,,,0.29,0.88,6.07,16.1,76.65,,0.01,0.05,0.74,99.2,0.18,0.66,4.2,10.65,84.3,0,0.1,0.54,3.73,95.64,0.73,1.98,5.94,15.46,75.9,,,,,,0.04,0.34,2.57,12.22,84.83,6.7,17.69,35.95,26.07,13.58,12.6,29.4,36.58,16.26,5.15,10.71,26.94,42.62,13.99,5.73,24.62,33.84,35.69,4.92,0.93,52.21,29.21,18.57,,,54.14,31.25,14.61,,,57.17,28.57,14.26,,,69.38,21.82,8.8,,
W09000045,Ogmore,37245,20271,1071,142,965,0.01,0.21,1.98,97.8,0.3,1.55,18.83,79.32,1.22,2.33,10.23,86.22,1.77,4.39,19.42,74.42,0.7,0.7,26.06,72.54,1.55,3.52,20.83,74.09,,54.43,45.57,,,0.24,74.91,24.85,,,0.19,42.76,57.05,,,2.05,76.75,21.2,,,,40.85,59.15,,,2.07,68.91,29.02,,,,0.01,0.29,0.15,99.55,0.02,0.06,1.31,6.3,92.31,0.42,0.5,1.6,4.23,93.25,0.09,0.84,2.99,10.18,85.9,,,,15.49,84.51,0.1,0.52,2.49,11.19,85.7,,,0.01,0.39,99.6,0.01,0.03,0.92,4.52,94.52,0.05,0.34,0.7,3.26,95.65,0.09,0.28,1.31,9.24,89.08,,,,2.82,97.18,0.1,0.1,0.93,7.98,90.88,0.46,38.29,60.36,0.89,,2.77,49.02,44.79,3.24,0.19,3.53,59.01,37.46,,,13.01,68.86,18.08,0.04,,1.83,97.06,1.11,,,6.07,89.14,4.8,,,8.66,91.34,,,,17.86,82.14,,,
S16000135,Orkney Islands,13272,99197,4483,,1957,0.79,3.61,34.7,60.9,11.21,18.04,40.94,29.81,4.48,7.2,21.22,67.11,20.99,26.52,24.78,27.7,,,,,12.01,21.36,25.86,40.78,0.17,52.42,47.41,,,3.78,76.38,19.84,,,1.1,78.94,19.96,,,10.22,76.04,13.74,,,,,,,,2.35,74.76,22.89,,,0.04,0.35,2.01,26.12,71.48,2.36,7.51,11.61,46.31,32.21,0.88,2.01,3.26,11.75,82.09,4.44,13.29,15.66,27.26,39.35,,,,,,5.26,9.3,13.75,29.89,41.8,0.01,0.07,0.96,6.18,92.78,0.5,4.5,10.41,38.76,45.84,0.44,0.88,2.43,10.22,86.03,1.36,8.23,15.79,29.51,45.1,,,,,,0.92,6.49,14.87,26.88,50.84,52.98,47.02,,,,83.63,16.37,,,,56.88,43.12,,,,89.5,10.5,,,,55.25,44.75,,,,87.33,12.67,,,,58.42,41.58,,,,91.99,8.01,,,
S16000136,Paisley,42634,3686,375,46,247,,,0.04,99.96,,0.22,12.3,87.48,,,1.55,98.45,,0.27,17.6,82.13,,,28.26,71.74,,,21.86,78.14,,76.48,23.52,,,,91.55,8.45,,,,58.95,41.05,,,0.27,86.93,12.8,,,,50,50,,,,80.16,19.84,,,,,,0,100,,,0.01,2.18,97.81,,,,0.14,99.86,,,0.27,7.73,92,,,,,100,,,,6.48,93.52,,,,0,100,,,0.01,0.57,99.42,,,,0.05,99.95,,,,3.2,96.8,,,,,100,,,,,100,0.31,1.06,7.99,41.99,48.65,0.14,1.82,8.63,27.51,61.91,2.63,17.37,27.65,36.18,16.17,2.12,17.04,26.56,34.45,19.83,6.4,21.71,40.63,31.26,,4.04,18.37,25.39,52.2,,28.03,39.97,27.75,4.25,,21.22,32.88,31.9,14,
S16000137,Perthshire North,40673,393639,7514,37,5008,0.82,1.21,9.93,88.04,6.06,7.65,33.17,53.12,27.87,8.67,20.56,42.9,10.26,12.99,37.62,39.13,,,45.95,54.05,5.97,11.38,39.24,43.41,0.28,23.52,76.2,,,0.98,46.16,52.87,,,17.14,58.09,24.77,,,2.83,60.39,36.77,,,,18.92,81.08,,,2.48,55.77,41.75,,,0.15,0.26,0.56,2.59,96.43,1.36,2.94,5.63,14.77,75.3,17.99,7.07,7.23,11.93,55.78,2.01,4.54,10.02,23.58,59.85,,,2.7,8.11,89.19,0.88,2.82,9.11,20.77,66.43,0.11,0.19,0.24,1.94,97.52,0.41,1.25,4.1,10.21,84.03,13.23,8.36,7.68,12.44,58.28,0.32,2.46,7.93,21.65,67.63,,,2.7,8.11,89.19,0.04,1.02,6.23,17.81,74.9,9.88,17.62,47.6,23.69,1.2,69.57,17.52,8.67,3.55,0.69,14.28,24.8,56.75,4.17,,76.88,15.64,6.73,0.74,0,28.88,60.73,10.39,,,85.2,11.63,3.18,,,41.89,51.04,7.08,,,90.47,7.43,2.11,,
S16000138,Perthshire South and Kinross-shire,41265,144741,4438,487,3226,0.18,0.24,4.59,94.99,2.23,4.36,32.67,60.73,12.95,5.32,15.78,65.95,8.38,10.7,30.1,50.81,,1.44,11.7,86.86,4.43,8.34,28.21,59.02,0.05,31.22,68.73,,,0.63,59.22,40.15,,,6.22,41.06,52.71,,,4.46,52.68,42.86,,,,42.09,57.91,,,2.42,47.3,50.28,,,0.05,0.05,0.16,1.35,98.4,0.24,0.46,3,7.99,88.31,8.7,3.61,4.74,7.66,75.28,2.21,3.33,7.95,15.98,70.53,,,0.41,5.13,94.46,0.31,1.58,6.17,13.95,77.99,0.01,0.06,0.06,0.55,99.32,0.13,0.2,1.86,4.16,93.66,4.92,4.84,4.79,7.37,78.08,1.46,2.7,3.36,13.88,78.59,,,,2.67,97.33,0.15,1.12,2.23,10.45,86.05,7.96,21.07,35.8,35.15,0.02,35.51,32.52,25.84,5.87,0.25,16.1,25.76,42.9,15.24,,48.85,31.7,17.59,1.87,,33.13,65.11,1.76,,,78.93,20.1,0.97,,,49.1,49.73,1.17,,,88.58,10.61,0.81,,
W09000046,Pontypridd,40477,10518,1015,42,794,,,2.29,97.71,0.64,4.91,20.07,74.38,0.31,1.05,5.52,93.12,0.39,2.66,21.97,74.98,,,47.62,52.38,0.38,2.52,23.8,73.3,,22.99,77.01,,,0,49.5,50.49,,,,18.73,81.27,,,,52.91,47.09,,,,38.1,61.9,,,,58.56,41.44,,,,,0.01,4.97,95.01,0.03,0.35,1.01,13.28,85.33,0.01,0.16,0.66,4.26,94.91,,,2.46,11.33,86.21,,,,30.95,69.05,,,3.15,9.95,86.9,,,0,0.03,99.97,0,0.08,0.47,4.06,95.38,,0.01,0.13,0.79,99.07,,,0.3,3.45,96.26,,,,21.43,78.57,,,0.38,5.04,94.58,0,50.93,43.81,5.24,0.02,0.17,46.69,37.6,12.65,2.88,1.03,80.39,18.55,0.02,,4.33,76.17,17.94,1.49,0.07,0,94.3,5.49,0.21,,0.28,78.59,17.17,3.96,,1.14,98.76,0.1,,,4.56,93.2,2,0.24,
W09000014,Preseli Pembrokeshire,41411,117605,3876,,1951,1.34,3.48,9.84,85.35,7.72,12.19,23.67,56.42,5.36,8.21,14.84,71.59,13.91,14.01,26.21,45.87,,,,,6,13.22,27.17,53.61,0.73,52.74,46.53,,,4.42,67.56,28.02,,,2.69,58.15,39.16,,,7.28,72.14,20.59,,,,,,,,2.15,72.94,24.91,,,0.16,0.58,2.16,3.55,93.54,2.08,3.89,8.44,14.31,71.28,1.06,2.87,5.16,7.12,83.8,4.08,6.94,10.29,14.32,64.37,,,,,,0.46,4.25,8.87,13.89,72.53,0.08,0.21,0.94,3.92,94.86,1.23,2.26,5.44,14.47,76.6,0.59,1.33,3.27,7.71,87.1,2.66,4.33,6.84,17.16,69.01,,,,,,0.1,1.9,4.92,16.25,76.83,12.39,81.62,5.61,0.38,,22.66,69.6,6.66,1.09,,25.47,71.08,3.45,,,35.19,61.72,3.08,0.01,,97.36,2.64,,,,95.34,4.66,,,,98.91,1.09,,,,98.01,1.99,,,
S16000139,Renfrewshire North and West,36770,14711,1031,231,781,0.04,0.07,1.28,98.61,0.47,1.85,20.24,77.44,1.5,2.99,13.98,81.52,6.89,4.56,19.2,69.35,,,3.46,96.54,0.13,1.28,17.93,80.67,0,63.36,36.64,,,0.06,85.04,14.9,,,0.08,36.65,63.27,,,1.65,71.58,26.77,,,,81.39,18.61,,,,74.01,25.99,,,0,0.01,0.04,0.1,99.85,0.08,0.18,0.47,5.37,93.91,0.21,0.55,1.58,5.61,92.05,3.59,2.23,1.94,9.12,83.12,,,,2.16,97.84,,,0.38,4.35,95.26,0,,0.01,0.05,99.93,0.04,0.08,0.21,3.57,96.09,0.05,0.19,0.7,4.64,94.41,0.97,3.3,2.62,5.82,87.29,,,,1.73,98.27,,,0.26,3.07,96.67,0.19,2.22,4.23,13.42,79.94,3.27,6.36,14.11,26.05,50.22,0.87,12.46,21.24,23.05,42.38,14.17,19.84,24.72,19.62,21.65,3.02,14.67,17.65,64.66,,5.61,23.92,45.5,24.97,,12.35,22.41,29.71,35.53,,26.59,35.02,28.73,9.65,
S16000140,Renfrewshire South,34213,16876,937,17,501,0.02,0.02,0.5,99.46,0.21,4.33,19.95,75.51,3.46,4.64,9.43,82.47,8.75,8.11,15.15,67.98,,,,100,,2,13.57,84.43,0,35.73,64.27,,,0.2,74.16,25.64,,,1.05,42.92,56.03,,,4.7,70.76,24.55,,,,58.82,41.18,,,,70.26,29.74,,,,0,0.01,0.43,99.56,0.04,0.18,0.5,15.43,83.85,0.82,1.3,2.23,5.01,90.64,3.31,2.77,3.74,14.51,75.67,,,,,100,,,0.8,9.78,89.42,,0,,0.01,99.98,0.02,0.02,0.15,2.97,96.83,0.22,0.88,1.26,3.8,93.84,1.81,1.49,4.38,7.47,84.85,,,,,100,,,0.4,3.39,96.21,1.04,9.03,23.58,39.14,27.21,12.83,23.22,26.69,22.12,15.14,7.22,32.27,45.65,11.61,3.25,28.42,40.97,20.69,8,1.91,25.5,35.65,17.25,21.6,,42.38,26.81,17.42,13.39,,75.08,15.43,6.52,2.98,,72.43,17.74,7.45,2.37,
W09000025,Rhondda,35875,9995,737,,541,,,1.05,98.95,0.1,1.02,11.02,87.86,2.53,6.03,16.72,74.72,1.76,5.97,15.74,76.53,,,,,0.74,6.65,16.45,76.16,,35.14,64.86,,,0.04,65.72,34.24,,,1.15,42.69,56.16,,,3.12,67.16,29.72,,,,,,,,4.25,70.61,25.14,,,,,,0.61,99.39,,0.08,0.4,4.7,94.82,0.69,1.35,4.09,10.05,83.82,0.54,3.66,2.99,8.82,83.99,,,,,,0.18,4.99,2.77,8.87,83.18,,,,0.1,99.9,,0.08,0.22,1.59,98.11,0.11,0.84,3.08,8.81,87.15,,2.85,2.71,5.97,88.47,,,,,,,3.88,3.14,6.65,86.32,0.42,27.61,71.97,,,17.17,36.91,45.14,0.78,,1.15,53.9,44.95,,,26.48,52,21.49,0.03,,1.27,98.73,,,,18.23,80.96,0.81,,,2.49,97.51,,,,27.29,72.71,,,
S16000141,Rutherglen,40551,3298,440,53,319,,,0.79,99.21,0.12,0.13,24.08,75.67,,,4.64,95.36,,,14.77,85.23,,,26.42,73.58,,,16.93,83.07,,58.3,41.7,,,,88.8,11.2,,,,45.72,54.28,,,,86.14,13.86,,,,94.34,5.66,,,,92.16,7.84,,,,,,0.03,99.97,,,0.07,2.98,96.94,,,0.03,0.88,99.09,,,,3.18,96.82,,,,9.43,90.57,,,,3.45,96.55,,,,0.02,99.98,,,0.02,2.2,97.78,,,0.03,0.79,99.18,,,,2.05,97.95,,,,9.43,90.57,,,,2.19,97.81,0.03,0.05,2.82,11.71,85.39,0.21,0.58,2.67,12.04,84.51,0.19,12.21,8.66,35.55,43.39,1.21,9.52,10.98,33.9,44.39,2.29,1.83,9.49,86.39,,2.12,2.82,8.79,86.26,,10.87,8.23,2.44,78.45,,9.67,8.76,9.01,72.56,
S16000142,Shetland Islands,13002,141252,4514,,2639,1.92,5.92,35.13,57.03,10.62,14.77,42.04,32.57,7.99,11.01,19.68,61.32,22.22,23.84,22.88,31.06,,,,,23.08,23.42,24.06,29.44,0.88,97.82,1.31,,,5.75,93.89,0.35,,,3.58,95.14,1.29,,,13.78,85.73,0.49,,,,,,,,13.34,85.9,0.76,,,0.1,0.38,2.9,5.46,91.16,1.42,7.34,16.42,23.22,51.6,1.04,2.57,7.13,9.56,79.71,3.88,15.4,17.52,16.48,46.72,,,,,,3.6,17.54,17.13,17.09,44.64,,0.22,0.92,5.72,93.14,0.53,3.32,11.05,29.71,55.38,0.6,1.19,3.82,10.73,83.66,1.99,7.75,17.04,22.11,51.11,,,,,,2.43,7.39,18.83,21.98,49.37,90.47,9.53,,,,84.65,15.35,,,,92.25,7.75,,,,88.22,11.78,,,,100,,,,,100,,,,,100,,,,,100,,,,
S16000143,"Skye, Lochaber and Badenoch",45443,1169684,17785,,12342,2.15,3.51,14.44,79.9,8.68,11.39,30.54,49.39,34.13,11.13,19.64,35.09,16.96,16.65,31.35,35.03,,,,,16.06,14.41,31.64,37.89,1.09,62.39,36.51,,,3.84,67.64,28.51,,,21.28,67.4,11.32,,,8.16,75.59,16.25,,,,,,,,6.33,77.05,16.63,,,0.59,1.24,1.22,6.7,90.25,2.3,3.97,6.47,15.17,72.09,23.14,8.83,7.73,10.73,49.57,3.65,9.29,10.8,20.3,55.96,,,,,,3.29,7.92,10.03,20.61,58.15,0.3,0.89,1.05,3.47,94.29,1.28,2.68,4.71,11.94,79.39,16.67,10.96,9.15,10.83,52.39,1.71,6.19,8.88,20.14,63.08,,,,,,1.58,5.1,8.13,20.13,65.07,35.3,25.25,23.3,13.8,2.35,79.75,15.63,3.6,0.92,0.1,42.17,25.1,23.11,9.36,0.26,85.6,12.1,1.77,0.51,0.01,60.29,39.71,,,,93.54,6.46,,,,69,31,,,,96.03,3.97,,,
N06000014,South Antrim,46761,62785,3624,451,1945,0.06,0.4,9.55,89.99,3.89,8.5,33.21,54.4,0.42,1.7,15.36,82.53,5.57,10.29,36.34,47.79,,0.22,32.82,66.96,2.11,4.16,32.8,60.93,,99.6,0.4,,,0.2,99.78,0.02,,,0,98.45,1.55,,,0.19,99.81,,,,,100,,,,0.1,99.9,,,,0,0.02,0.09,1.05,98.84,0.44,1.96,5.21,14.36,78.04,0.02,0.09,0.75,3.75,95.4,0.86,2.43,8.64,19.9,68.18,,,1.33,5.32,93.35,0.05,0.72,2.47,13.57,83.19,,0.01,0.08,0.88,99.03,0.03,0.74,3.93,14.5,80.8,0,0.03,0.62,2.71,96.63,0.08,1.19,7.59,19.04,72.1,,,1.33,4.66,94.01,,0.21,2.06,11.11,86.63,0.45,6.6,49.66,25.34,17.95,1.31,10.1,46.83,32,9.76,2.91,13.94,59.89,18.86,4.4,6.54,18.6,57.08,15.31,2.48,16.86,77.76,5.24,0.14,,8.08,77.68,13.29,0.95,,28.58,69.96,1.45,0.01,,23.11,71.01,5.84,0.04,
N06000015,South Down,49076,122775,5226,,2667,3.11,4.01,22.68,70.2,14.26,11,35.46,39.28,9.64,6.86,20.56,62.95,25.62,17.6,30.06,26.71,,,,,18.26,16.8,34.27,30.67,0.37,99.63,,,,4.23,95.77,,,,2.82,97.18,,,,10.33,89.67,,,,,,,,,6,94,,,,0.77,0.95,1.47,4.13,92.68,4.99,5.14,8.98,18.51,62.37,4.27,3.02,3.97,6.96,81.79,9.51,9.7,12.34,19.36,49.08,,,,,,4.54,7.12,13.42,19.91,55.01,0.21,0.71,1.04,3.85,94.18,2.44,4.31,7.96,19.96,65.33,2.06,2.93,3.46,6.54,85,5.97,6.77,11.23,21.34,54.69,,,,,,3.19,2.32,11.4,22.61,60.48,4.55,52.4,28.78,14.27,0,8.99,42.89,42.04,6,0.07,12.47,52.68,28.33,6.53,,18.8,44.43,35.46,1.32,,10.76,89.23,0.01,,,18.82,80.97,0.21,0,,27.62,72.38,,,,38.42,61.58,,,
S16000144,Stirling,40360,216164,5431,288,3928,0.56,0.58,13.53,85.34,3.03,4.9,25.77,66.3,21.26,8.16,25.03,45.55,14.29,12.12,37.8,35.79,,,15.97,84.03,8.68,10.44,39.36,41.52,0.41,30.92,68.67,,,1.5,54.57,43.93,,,14.48,61.69,23.83,,,10.85,70.61,18.54,,,,41.32,58.68,,,5.96,72.25,21.79,,,0.07,0.21,1.11,1.74,96.87,0.57,1.02,4.79,15.63,77.99,12.94,5.8,8.53,10.05,62.69,1.34,8.43,12.04,19.78,58.41,,,,2.78,97.22,0.46,5.22,11.84,19.63,62.86,0.04,0.13,0.18,1.07,98.59,0.25,0.67,2.69,11.01,85.38,8.78,6.79,7.32,10.59,66.52,0.94,6.21,6.81,19.83,66.21,,,,1.39,98.61,0.23,2.98,6.03,19.65,71.1,5.64,17.83,25.54,32.76,18.24,47.62,25.41,15.61,8.15,3.21,13.41,20.58,33.41,24.1,8.5,61.39,23.69,11.43,2.88,0.6,19.1,80.21,0.56,0.13,,71.51,26.12,2.14,0.23,,35.62,64.31,0.06,,,83.9,15.83,0.27,0,
N06000016,Strangford,44628,52321,2661,,1980,0.06,0.81,17.6,81.53,5.64,8.94,41.63,43.79,0.28,1.7,20.31,77.71,7.4,12.97,37.88,41.75,,,,,3.59,10.2,37.83,48.38,,87.72,12.28,,,0.34,89.72,9.94,,,,92.32,7.68,,,0.34,93.2,6.46,,,,,,,,0.3,91.01,8.69,,,,,0.04,0.69,99.27,0.27,1.19,6.31,11.57,80.66,,,0.12,1.24,98.64,0.34,1.05,8.83,16.31,73.47,,,,,,0.3,0.91,5.91,13.64,79.24,,,,0.33,99.67,0.01,0.57,3.22,11.86,84.33,,,0.01,0.54,99.45,,0.53,4.1,16.2,79.18,,,,,,,0.56,3.23,12.32,83.89,0.92,55.13,33.05,9.98,0.92,1.45,43.83,46.64,5.99,2.09,8.34,54.4,32.17,5.02,0.07,11.81,45.1,39.89,2.81,0.39,1.83,89.52,7.78,0.87,,2.89,85.84,9.31,1.96,,16.44,79.97,3.46,0.13,,22.09,71.37,5.94,0.59,
S16000148,Strathkelvin and Bearsden,37907,14385,944,,485,0.03,0.07,0.56,99.34,0.68,1.71,11.87,85.75,5.32,2.67,7.8,84.21,4.34,3.18,18.64,73.83,,,,,0.41,2.89,17.11,79.59,,26.77,73.23,,,0.1,60.24,39.66,,,1.86,32.14,66,,,3.5,72.46,24.05,,,,,,,,,82.27,17.73,,,,,0,0.23,99.77,0.08,0.37,0.74,6.34,92.47,2.31,1.51,2.36,5.09,88.73,2.54,1.38,2.65,9.75,83.69,,,,,,,0.62,1.86,8.04,89.48,,,,0.03,99.97,0.04,0.12,0.6,3.12,96.12,0.9,1.96,1.58,3.82,91.75,2.33,0.74,2.54,6.67,87.71,,,,,,,,2.06,5.15,92.78,2.55,16.44,29.38,22.91,28.71,6.25,17.58,26.03,25.91,24.23,10.23,24.5,34.09,27.68,3.49,20.95,35.66,30.75,11.45,1.2,43.24,6,5.6,45.17,,38.06,9.77,12.97,39.2,,51.49,7.11,11.5,29.9,,54.84,16.51,17.69,10.96,
W09000020,Swansea East,39979,4889,540,86,380,,,0.23,99.77,0.06,2.6,20.01,77.34,,0.04,0.98,98.98,,1.3,14.63,84.07,,2.33,8.14,89.53,,1.05,11.32,87.63,,13.03,86.97,,,,39.74,60.26,,,,12.19,87.81,,,,18.33,81.67,,,,12.79,87.21,,,,12.89,87.11,,,,,,0.27,99.73,,,0.68,9.34,89.97,,,,0.2,99.8,,,0.74,7.22,92.04,,,,6.98,93.02,,,0.53,8.16,91.32,,,,0.12,99.88,,,0.46,3.98,95.56,,,,0.08,99.92,,,,3.52,96.48,,,,,100,,,,2.63,97.37,,0.53,15.32,63.02,21.13,,3.76,15.63,68.99,11.62,0.47,23.51,49.2,21.26,5.57,1.04,30.31,45.41,19.76,3.48,,5.88,94.12,,,,11.58,88.42,,,0.95,37.11,61.94,,,1.92,42.44,55.64,,
W09000019,Swansea West,40904,3282,446,,281,,0.02,6.56,93.42,0.55,3.63,24.24,71.59,,0.55,10.76,88.7,1.35,5.16,24.44,69.06,,,,,,1.42,15.66,82.92,,70.53,29.47,,,0.19,80.64,19.17,,,,75.84,24.16,,,0.45,78.92,20.63,,,,,,,,0.36,76.51,23.13,,,,,,0.07,99.93,,0.11,0.36,4.7,94.83,,,,1.34,98.66,0.22,1.79,2.24,4.48,91.26,,,,,,,0.71,0.36,1.42,97.51,,,,0.06,99.94,,0.02,0.31,2.84,96.83,,,,0.76,99.24,,0.67,2.69,3.36,93.27,,,,,,,0.36,0.71,1.07,97.86,0.19,9.56,5.85,50,34.4,1.83,12.68,14.44,53.87,17.18,1.35,26.43,21.97,28.73,21.53,9.02,37.2,22.49,22.06,9.23,0.19,12.81,87,,,2.04,20.54,77.42,,,1.48,33.41,65.11,,,9.75,44.24,46.01,,
W09000037,Torfaen,42321,11758,577,,397,0.03,0.04,1.79,98.14,0.78,3.81,18.76,76.65,2.36,3.79,8.76,85.09,6.93,11.79,24.44,56.85,,,,,7.05,11.08,27.2,54.66,,74.75,25.25,,,0.08,91.25,8.67,,,0.26,62.88,36.86,,,0.17,95.32,4.51,,,,,,,,,93.7,6.3,,,0.01,0.02,0.02,0.08,99.87,0.09,0.53,1.86,6.92,90.6,0.97,1.11,2.42,3.79,91.7,0.52,4.16,7.63,15.42,72.27,,,,,,0.25,3.78,7.3,15.62,73.05,,0,0.02,0.04,99.93,0.03,0.08,0.79,5.42,93.67,0.21,0.71,1.27,3.41,94.4,,1.04,5.72,14.04,79.2,,,,,,,0.25,5.04,12.59,82.12,0.03,4.67,38.42,20.29,36.59,2.83,17.08,43.47,13.31,23.31,2.01,22.4,35.99,22.67,16.92,9.22,34.78,33.95,12.69,9.36,1.08,43.07,55.85,,,9.68,54.94,35.28,0.1,,6.42,50.5,43.08,,,20.6,56.56,22.84,0.01,
S16000146,Uddingston and Bellshill,37652,5291,869,305,734,,0.01,2.13,97.86,0.06,2.26,35.56,62.12,,0.08,6.92,93.01,0.12,1.27,31.88,66.74,,,22.62,77.38,0.14,0.68,26.43,72.75,,49.66,50.34,,,,71.92,28.08,,,,40.99,59.01,,,,72.15,27.85,,,,42.95,57.05,,,,60.9,39.1,,,,,,0.12,99.88,,0.13,0.3,3.06,96.52,,,,0.74,99.26,,0.12,0.23,4.03,95.63,,,,4.26,95.74,,,0.14,4.63,95.23,,,,0.12,99.88,,,0.18,0.99,98.83,,,,0.66,99.34,,,0.12,2.07,97.81,,,,4.26,95.74,,,,3.27,96.73,0.1,1.02,27.68,44.96,26.24,0.34,5.67,26.12,40.24,27.63,2.06,27.69,44.72,22.18,3.35,6.62,28.95,38.25,23.53,2.65,21.82,38.62,20.73,18.82,,24.04,32.47,23.13,20.36,,54.52,26.43,12.21,6.85,,61.78,19.32,9.94,8.96,
N06000017,Upper Bann,59007,38147,2691,339,1535,0.11,0.4,18.14,81.35,4.16,8.08,50.52,37.24,0.23,1.26,18.47,80.05,10.37,13.38,43.29,32.96,,1.47,59.59,38.94,4.17,8.73,47.49,39.61,,99.88,0.12,,,0.25,99.75,,,,,98.97,1.03,,,0.33,99.67,,,,,100,,,,0.07,99.93,,,,,,0.02,0.59,99.39,0.31,1.64,5.77,22.12,70.17,,0,0.05,1.29,98.66,1.08,4.65,11.37,25.12,57.79,,,2.06,18.58,79.35,0.2,2.21,7.49,21.89,68.21,,,0.01,0.37,99.62,0.01,0.59,4.63,22.6,72.17,,,0.02,0.72,99.26,0.04,1.52,9.48,26.61,62.36,,,1.77,18.88,79.35,,0.46,5.86,21.5,72.18,0.13,39.78,34.6,25.48,0,0.37,31.55,45.46,22.59,0.03,1.78,46.99,42.15,9.08,,5.22,42.56,46.9,5.31,,0.29,98.7,1.02,,,1.72,92.27,6.01,,,5.2,94.65,0.14,,,16.28,82.52,1.2,,
W09000005,Vale of Clwyd,38892,21618,1674,,1047,0.06,0.12,12.68,87.14,1.05,3.07,45.9,49.98,1.19,0.89,11.58,86.34,2.39,6.45,36.08,55.08,,,,,1.53,4.87,38.87,54.73,0,30.49,69.51,,,0.05,62.41,37.53,,,0.28,17.58,82.14,,,,50.54,49.46,,,,,,,,,49.95,50.05,,,0.02,0.02,0.04,0.83,99.1,0.59,0.58,3.2,20.55,75.08,0.39,0.43,0.72,3.02,95.44,0.66,1.37,7.35,22.88,67.74,,,,,,0.38,0.76,6.59,21.97,70.3,0,0.01,0.01,0.31,99.67,0.03,0.2,1.32,10.75,87.71,0.18,0.23,0.39,2.57,96.63,,0.36,4.6,13.44,81.6,,,,,,,0.48,3.82,13.28,82.43,18.88,72.22,8.85,0.05,,28.11,55.62,16.19,0.07,,28.86,69.55,1.59,,,40.73,51.11,8.16,,,99.03,0.97,,,,98.72,1.28,,,,99.74,0.26,,,,99.24,0.76,,,
W09000047,Vale of Glamorgan,50809,31699,1547,89,996,0.3,1.09,5.05,93.56,2.57,4.86,28.88,63.69,0.92,3.3,13.48,82.31,5.75,14.09,32.9,47.25,,,28.09,71.91,0.5,3.92,36.55,59.04,0.08,46.99,52.93,,,1.24,73.43,25.32,,,0.21,48.48,51.3,,,2.59,78.41,19,,,,12.36,87.64,,,0.1,74.2,25.7,,,,0.13,0.82,1.18,97.87,0.36,1.47,3.17,10.88,84.12,0.02,0.35,1.61,4.69,93.32,0.26,2.97,9.37,18.81,68.58,,,,3.37,96.63,0.1,0.3,2.31,14.36,82.93,,,0.17,1.04,98.79,0.17,0.58,2.32,7.85,89.08,,0.06,0.6,2.77,96.57,,1.03,5.49,17.13,76.34,,,,2.25,97.75,,0.1,0.9,10.94,88.05,1.31,11.04,9.11,37.28,41.26,2.84,32.19,15.76,30.94,18.28,5.17,13.51,19.48,46.2,15.64,12.58,38.17,17.69,26.35,5.22,1.32,12.44,81.29,4.95,,2.92,38.05,45.09,13.93,,5.25,16.86,76.15,1.73,,13.22,47.61,33.47,5.7,
N06000018,West Tyrone,42193,199207,6404,,1434,2.79,2.33,26.09,68.79,9.71,11.49,52.51,26.28,10.74,8.35,23.06,57.85,19.08,19.22,41.32,20.38,,,,,5.58,12.41,50.84,31.17,0.74,99.26,,,,3.32,96.68,,,,3.71,96.28,0,,,7,93,,,,,,,,,0.14,99.86,,,,0.99,1.25,1.88,5.77,90.11,3.81,4.89,12.8,25.54,52.95,3.66,4.71,7.2,10.27,74.17,8.32,6.14,17.25,27.15,41.13,,,,,,0.63,2.79,7.81,28.45,60.32,0.19,1.07,2.15,5.83,90.76,2,3.04,12.34,27.41,55.22,1.32,3.45,6.91,12.26,76.07,5.75,4.23,14.33,31.76,43.93,,,,,,,0.84,6.97,28.8,63.39,11.74,52.59,33.54,2.13,0,26.42,41.54,30.32,1.72,0,22.67,60.28,16.79,0.26,,39.66,39.9,20.34,0.1,,20.67,79.33,,,,38.81,61.19,,,,38.64,61.36,,,,56.9,43.1,,,
W09000008,Wrexham,36191,10317,974,,476,,0.03,5.94,94.03,1.32,6,32.51,60.17,0.02,0.56,7.4,92.02,2.36,16.32,34.19,47.13,,,,,1.68,11.13,32.14,55.04,,9.23,90.77,,,0.03,46.88,53.09,,,,8.89,91.11,,,,40.14,59.86,,,,,,,,,34.03,65.97,,,,,,0.4,99.6,0.02,0.67,3.05,10.21,86.05,,,0.03,0.81,99.16,,0.82,5.54,18.17,75.46,,,,,,,0.42,2.73,17.02,79.83,,,,0.06,99.94,,0.03,1.06,5.6,93.3,,,,0.19,99.81,,,1.54,10.27,88.19,,,,,,,,0.84,6.09,93.07,0.37,69.69,29.94,,,1.78,75.6,22.57,0.04,,0.94,89.23,9.83,,,5.09,88.2,6.71,,,100,,,,,99.96,0.04,,,,100,,,,,100,,,,
W09000001,Ynys Môn,38350,71334,3705,,2161,0.12,1.41,15.6,82.86,4.82,14.15,36.39,44.64,1.19,4.36,25.66,68.79,5.13,13.23,39.7,41.94,,,,,3.1,9.86,39.57,47.48,,38.51,61.49,,,0.55,57.82,41.63,,,0.1,55.44,44.46,,,0.7,67.53,31.77,,,,,,,,0.79,65.43,33.78,,,,0.03,0.25,6.06,93.66,0.85,2.86,10.89,31.89,53.51,0.07,0.23,1.14,7.1,91.46,0.59,2.7,9.47,26.13,61.11,,,,,,0.05,1.85,7.17,25.03,65.9,,,0.19,3.59,96.22,0.08,1.11,5.94,22.58,70.3,0.04,0.07,0.44,4.7,94.75,,1,5.94,20.67,72.39,,,,,,,0.19,5.28,17.31,77.23,22.3,61.57,16.11,0.02,,37.79,49.59,12.59,0.02,,30.19,64.34,5.47,0,,49.76,45.1,5.14,0,,99.95,0.05,,,,99.81,0.19,,,,100,0,,,,100,0,,,
,NULL,,,,,,,,,,,,,,,,,,,,,,,,,,,,,,,,,,,,,,,,,,,,,,,,,,,,,,,,,,,,,,,,,,,,,,,,,,,,,,,,,,,,,,,,,,,,,,,,,,,,,,,,,,,,,,,,,,,,,,,,,,,,,,,,,,,,,,,,,,,,,,,,,,,,,,,,,,,,,,,
